[
  {
    "value": "Relaxing",
    "synonyms": [
      "Relaxing",
      "relax",
      "chill",
      "cool"
    ]
  },
  {
    "value": "Rock",
    "synonyms": [
      "Rock"
    ]
  },
  {
    "value": "Pop",
    "synonyms": [
      "Pop"
    ]
  },
  {
    "value": "Classical",
    "synonyms": [
      "Classical"
    ]
  },
  {
    "value": "For study",
    "synonyms": [
      "For study",
      "For studying"
    ]
  },
  {
    "value": "For concentration",
    "synonyms": [
      "For concentration",
      "To concentrate"
    ]
  }
]