[
  {
    "value": "D01 Raffles Pl/ Marina/ Chinatown",
    "synonyms": [
      "D01 Raffles Pl/ Marina/ Chinatown",
      "District 1",
      "District 01",
      "D1",
      "D01",
      "Raffles Place",
      "Marina",
      "Chinatown"
    ]
  },
  {
    "value": "D02 Anson/ Tg Pagar",
    "synonyms": [
      "D02 Anson/ Tg Pagar",
      "District 2",
      "District 02",
      "D1",
      "D01",
      "Anson",
      "Tg Pagar",
      "Tanjong Pagar"
    ]
  },
  {
    "value": "D03 Queenstown/ Tiong Bahru",
    "synonyms": [
      "D03 Queenstown/ Tiong Bahru",
      "District 3",
      "District 03",
      "D3",
      "D03",
      "Queenstown",
      "Tiong Bahru"
    ]
  },
  {
    "value": "D04 Sentosa/ Telok Blangah",
    "synonyms": [
      "D04 Sentosa/ Telok Blangah",
      "District 4",
      "District 04",
      "D3",
      "D04",
      "Sentosa",
      "Telok Blangah"
    ]
  },
  {
    "value": "D05 Pasir Panjang/ West Coast/ Clementi Town",
    "synonyms": [
      "D05 Pasir Panjang/ West Coast/ Clementi Town",
      "District 5",
      "District 05"
    ]
  },
  {
    "value": "D06 High Street/ North Bridge Rd",
    "synonyms": [
      "D06 High Street/ North Bridge Rd"
    ]
  },
  {
    "value": "D07 Rochor/ Bugis/ Beach Rd",
    "synonyms": [
      "D07 Rochor/ Bugis/ Beach Rd"
    ]
  },
  {
    "value": "D08 Little India",
    "synonyms": [
      "D08 Little India"
    ]
  },
  {
    "value": "D09 Orchard/ Cairnhill",
    "synonyms": [
      "D09 Orchard/ Cairnhill"
    ]
  },
  {
    "value": "D10 Bukit Timah/ Holland Rd/ Tanglin",
    "synonyms": [
      "D10 Bukit Timah/ Holland Rd/ Tanglin"
    ]
  },
  {
    "value": "D11 Newton/ Novena",
    "synonyms": [
      "D11 Newton/ Novena"
    ]
  },
  {
    "value": "D12 Balestier/ Toa Payoh/ Serangoon/ Boon Keng",
    "synonyms": [
      "D12 Balestier/ Toa Payoh/ Serangoon/ Boon Keng"
    ]
  },
  {
    "value": "D13 MacPherson/ Braddell/ Potong Pasir",
    "synonyms": [
      "D13 MacPherson/ Braddell/ Potong Pasir"
    ]
  },
  {
    "value": "D14 Geylang/ Eunos/ Paya Lebar",
    "synonyms": [
      "D14 Geylang/ Eunos/ Paya Lebar"
    ]
  },
  {
    "value": "D15 Katong/ Joo Chiat/ East Coast",
    "synonyms": [
      "D15 Katong/ Joo Chiat/ East Coast"
    ]
  },
  {
    "value": "D16 Bedok/ Upp East Coast",
    "synonyms": [
      "D16 Bedok/ Upp East Coast"
    ]
  },
  {
    "value": "D17 Changi/ Loyang",
    "synonyms": [
      "D17 Changi/ Loyang"
    ]
  },
  {
    "value": "D18 Tampines/ Pasir Ris",
    "synonyms": [
      "D18 Tampines/ Pasir Ris"
    ]
  },
  {
    "value": "D19 Serangoon Gdn/ Hougang/ Sengkang/ Punggol",
    "synonyms": [
      "D19 Serangoon Gdn/ Hougang/ Sengkang/ Punggol"
    ]
  },
  {
    "value": "D20 Thomson/ Bishan/ Ang Mo Kio",
    "synonyms": [
      "D20 Thomson/ Bishan/ Ang Mo Kio"
    ]
  },
  {
    "value": "D21 Ulu Pandan/ Clementi Rd/ Sunset/ Bukit Timah",
    "synonyms": [
      "D21 Ulu Pandan/ Clementi Rd/ Sunset/ Bukit Timah D22 Jurong/ Boon Lay"
    ]
  },
  {
    "value": "D22 Jurong/ Boon Lay",
    "synonyms": [
      "D22 Jurong/ Boon Lay"
    ]
  },
  {
    "value": "D24 Lim Chu Kang",
    "synonyms": [
      "D24 Lim Chu Kang"
    ]
  },
  {
    "value": "D25 Woodlands/ Admiralty",
    "synonyms": [
      "D25 Woodlands/ Admiralty"
    ]
  },
  {
    "value": "D26 Upp Thomson/ Springleaf/ Lentor",
    "synonyms": [
      "D26 Upp Thomson/ Springleaf/ Lentor"
    ]
  },
  {
    "value": "D27 Yishun/ Sembawang",
    "synonyms": [
      "D27 Yishun/ Sembawang"
    ]
  },
  {
    "value": "D28 Seletar",
    "synonyms": [
      "D28 Seletar"
    ]
  }
]