[
  {
    "value": "Central",
    "synonyms": [
      "Central",
      "center",
      "centre",
      "south",
      "southern"
    ]
  },
  {
    "value": "North",
    "synonyms": [
      "North",
      "north",
      "northern"
    ]
  },
  {
    "value": "North-East",
    "synonyms": [
      "North-East",
      "Northeast",
      "northeastern",
      "north-eastern"
    ]
  },
  {
    "value": "East",
    "synonyms": [
      "East",
      "east",
      "eastern"
    ]
  },
  {
    "value": "West",
    "synonyms": [
      "West",
      "west",
      "western"
    ]
  }
]