[
  {
    "value": "Apartments",
    "synonyms": [
      "Apartments",
      "apartment"
    ]
  },
  {
    "value": "Bungalows",
    "synonyms": [
      "Bungalows",
      "bungalows"
    ]
  },
  {
    "value": "Cluster Housing",
    "synonyms": [
      "Cluster Housing",
      "cluster housing",
      "cluster house",
      "clusterhouse",
      "clusterhousing"
    ]
  },
  {
    "value": "Condominium",
    "synonyms": [
      "Condominium",
      "condo"
    ]
  },
  {
    "value": "Conservation Terrace",
    "synonyms": [
      "Conservation Terrace",
      "conservation terrace"
    ]
  },
  {
    "value": "Lofts",
    "synonyms": [
      "Lofts",
      "loft"
    ]
  },
  {
    "value": "Penthouses",
    "synonyms": [
      "Penthouses",
      "penthouse"
    ]
  },
  {
    "value": "Semi-detached",
    "synonyms": [
      "Semi-detached",
      "Semi-D",
      "semi d",
      "semi-detach",
      "semidetach",
      "semidetached",
      "semi detach",
      "semi detached"
    ]
  },
  {
    "value": "SOHOs",
    "synonyms": [
      "SOHOs",
      "soho"
    ]
  },
  {
    "value": "Terrace Houses",
    "synonyms": [
      "Terrace Houses",
      "terrace house",
      "terrace"
    ]
  },
  {
    "value": "Townhouses",
    "synonyms": [
      "Townhouses",
      "town house"
    ]
  },
  {
    "value": "town houses",
    "synonyms": [
      "town houses"
    ]
  },
  {
    "value": "town-house",
    "synonyms": [
      "town-house"
    ]
  },
  {
    "value": "semi d",
    "synonyms": [
      "semi d"
    ]
  },
  {
    "value": "semi-detach",
    "synonyms": [
      "semi-detach"
    ]
  },
  {
    "value": "Central",
    "synonyms": [
      "Central"
    ]
  },
  {
    "value": "conservation house",
    "synonyms": [
      "conservation house"
    ]
  }
]