[
  {
    "id": "62e01f9c-0a8a-43ee-a5b0-e6170c07a699",
    "data": [
      {
        "text": "Do you have a ",
        "userDefined": false
      },
      {
        "text": "sea view",
        "alias": "room-type",
        "meta": "@room-type",
        "userDefined": false
      },
      {
        "text": " room next ",
        "userDefined": false
      },
      {
        "text": "Wednesday",
        "alias": "date",
        "meta": "@sys.date",
        "userDefined": true
      },
      {
        "text": "?",
        "userDefined": false
      }
    ],
    "isTemplate": false,
    "count": 0,
    "updated": 1540897500
  },
  {
    "id": "c0d74351-8c29-4b6a-a60d-f95a584d12cf",
    "data": [
      {
        "text": "i want to book a ",
        "userDefined": false
      },
      {
        "text": "deluxe",
        "alias": "room-type",
        "meta": "@room-type",
        "userDefined": false
      },
      {
        "text": " room",
        "userDefined": false
      }
    ],
    "isTemplate": false,
    "count": 0,
    "updated": 1540897500
  },
  {
    "id": "6f2bcf1a-b1d3-490f-856a-c5b198502896",
    "data": [
      {
        "text": "Do you have a room",
        "userDefined": false
      }
    ],
    "isTemplate": false,
    "count": 0,
    "updated": 1540811507
  },
  {
    "id": "2bba26b0-b1d8-4622-a5e7-e12ba3c9c4c3",
    "data": [
      {
        "text": "Do you have any rooms",
        "userDefined": false
      }
    ],
    "isTemplate": false,
    "count": 0,
    "updated": 1540811441
  },
  {
    "id": "1c8cd436-d80d-4526-a327-bd3f9dca51f9",
    "data": [
      {
        "text": "I would like to book a room",
        "userDefined": false
      }
    ],
    "isTemplate": false,
    "count": 0,
    "updated": 1540811441
  }
]