[
  {
    "id": "85047281-f4be-47ee-a677-2bc82dbb77d5",
    "data": [
      {
        "text": "Where are the credit card or unsecured credit rules available",
        "userDefined": false
      }
    ],
    "isTemplate": false,
    "count": 0,
    "updated": 1540813827
  },
  {
    "id": "6dd0bbed-7fe5-41e6-9e39-e3b1cd1888bc",
    "data": [
      {
        "text": "Where can I find the credit card or unsecured credit rules",
        "userDefined": false
      }
    ],
    "isTemplate": false,
    "count": 0,
    "updated": 1540813827
  },
  {
    "id": "7af963c7-49ea-4c6a-aaf1-b4fc288394ca",
    "data": [
      {
        "text": "Where are the unsecured credit rules",
        "userDefined": false
      }
    ],
    "isTemplate": false,
    "count": 0,
    "updated": 1540813827
  },
  {
    "id": "8b4811e0-233c-4c1d-8a74-3aa916021b5a",
    "data": [
      {
        "text": "Where are the credit card rule",
        "userDefined": false
      }
    ],
    "isTemplate": false,
    "count": 0,
    "updated": 1540813827
  },
  {
    "id": "dc290993-be13-4f93-8a3e-ceb8dce8c1c4",
    "data": [
      {
        "text": "Where can I view the updated Credit Card and Unsecured Credit Rules?",
        "userDefined": false
      }
    ],
    "isTemplate": false,
    "count": 0,
    "updated": 1540813827
  }
]