[
  {
    "id": "303e18a2-5f0b-491b-9035-b506ecc2d2fd",
    "data": [
      {
        "text": "Is it possible to check on my application status",
        "userDefined": false
      }
    ],
    "isTemplate": false,
    "count": 0,
    "updated": 1540813485
  },
  {
    "id": "ab33b422-4a9a-4d4b-a21d-2c1d1b572cdd",
    "data": [
      {
        "text": "Where can I check on the status of my application",
        "userDefined": false
      }
    ],
    "isTemplate": false,
    "count": 0,
    "updated": 1540813485
  },
  {
    "id": "bfc5629d-29ef-4e5f-b6ef-c0f941838e72",
    "data": [
      {
        "text": "How can I check on the status of my application",
        "userDefined": false
      }
    ],
    "isTemplate": false,
    "count": 0,
    "updated": 1540813485
  },
  {
    "id": "1cf43b38-f240-4d48-a340-fdaf0309a0d6",
    "data": [
      {
        "text": "Can I check the status of my application?",
        "userDefined": false
      }
    ],
    "isTemplate": false,
    "count": 0,
    "updated": 1540813485
  }
]