[
  {
    "id": "5c39b35a-4d26-4196-b064-626835d732ab",
    "data": [
      {
        "text": "what document to submit",
        "userDefined": false
      }
    ],
    "isTemplate": false,
    "count": 1,
    "updated": 0
  },
  {
    "id": "61106057-ea90-4717-afce-34d9df154c19",
    "data": [
      {
        "text": "What do you need from me to apply",
        "userDefined": false
      }
    ],
    "isTemplate": false,
    "count": 0,
    "updated": 1540813149
  },
  {
    "id": "a92588af-b4bf-4a29-9eeb-86ab44d40b79",
    "data": [
      {
        "text": "What do you need for me to apply",
        "userDefined": false
      }
    ],
    "isTemplate": false,
    "count": 0,
    "updated": 1540812692
  },
  {
    "id": "2ef3629f-aa9c-4b62-9064-0bb8a5342d58",
    "data": [
      {
        "text": "What do I need to apply",
        "userDefined": false
      }
    ],
    "isTemplate": false,
    "count": 0,
    "updated": 1540812692
  }
]