[
  {
    "id": "00685bd1-af1a-4b97-a4da-5187e43e504c",
    "data": [
      {
        "text": "i want card",
        "userDefined": false
      }
    ],
    "isTemplate": false,
    "count": 1,
    "updated": 0
  },
  {
    "id": "f6ef8790-81d2-4736-ab2e-53a2eaa9d835",
    "data": [
      {
        "text": "Can I get a credit card or not",
        "userDefined": false
      }
    ],
    "isTemplate": false,
    "count": 0,
    "updated": 1540812302
  },
  {
    "id": "57ba93da-ca04-4e05-82ac-2d1ef00f5fa6",
    "data": [
      {
        "text": "Can I apply for a credit card",
        "userDefined": false
      }
    ],
    "isTemplate": false,
    "count": 0,
    "updated": 1540811976
  },
  {
    "id": "c3ad9ecb-1dde-45d0-ae9b-74f982022ffe",
    "data": [
      {
        "text": "Can I get a credit card",
        "userDefined": false
      }
    ],
    "isTemplate": false,
    "count": 0,
    "updated": 1540811976
  },
  {
    "id": "e2c76104-fdfe-4783-8e77-225231401900",
    "data": [
      {
        "text": "Am I eligible for a credit card",
        "userDefined": false
      }
    ],
    "isTemplate": false,
    "count": 0,
    "updated": 1540811976
  },
  {
    "id": "3905bde9-0e05-4831-a467-3c97736dce5b",
    "data": [
      {
        "text": "What do you need to get a credit card",
        "userDefined": false
      }
    ],
    "isTemplate": false,
    "count": 0,
    "updated": 1540811976
  }
]