[
  {
    "id": "fbf4d607-5b4d-4638-a1b8-7d33c92e49da",
    "data": [
      {
        "text": "Why was my credit card application not successful",
        "userDefined": false
      }
    ],
    "isTemplate": false,
    "count": 0,
    "updated": 1540813385
  },
  {
    "id": "5ca545cf-05c4-4dc3-939b-f2aa53ea2f06",
    "data": [
      {
        "text": "Why was my credit card application rejected",
        "userDefined": false
      }
    ],
    "isTemplate": false,
    "count": 0,
    "updated": 1540813385
  },
  {
    "id": "4db1daad-390c-40cb-a629-77f47543ff45",
    "data": [
      {
        "text": "Why was my application not approved",
        "userDefined": false
      }
    ],
    "isTemplate": false,
    "count": 0,
    "updated": 1540813385
  },
  {
    "id": "8f5831d7-0e58-4254-b468-b479541384d7",
    "data": [
      {
        "text": "Why was my application rejected",
        "userDefined": false
      }
    ],
    "isTemplate": false,
    "count": 0,
    "updated": 1540813385
  },
  {
    "id": "733565ec-5902-47f5-b9d6-c31467b7aab3",
    "data": [
      {
        "text": "Why was my application unsuccessful",
        "userDefined": false
      }
    ],
    "isTemplate": false,
    "count": 0,
    "updated": 1540813385
  },
  {
    "id": "7a24239f-3b17-42ad-96d9-2499c118a4fa",
    "data": [
      {
        "text": "Why my application turned down",
        "userDefined": false
      }
    ],
    "isTemplate": false,
    "count": 0,
    "updated": 1540813385
  },
  {
    "id": "093e3674-6238-4ae9-9fe6-0deb95aae7f2",
    "data": [
      {
        "text": "Why was my application turned down",
        "userDefined": false
      }
    ],
    "isTemplate": false,
    "count": 0,
    "updated": 1540813385
  }
]