[
  {
    "id": "2dddde78-4770-4bcc-8ab2-d84616242a75",
    "data": [
      {
        "text": "how many days will it take",
        "userDefined": false
      }
    ],
    "isTemplate": false,
    "count": 1,
    "updated": 0
  },
  {
    "id": "5d70e45d-6bca-46a5-a07a-298dc59267d6",
    "data": [
      {
        "text": "How fast card",
        "userDefined": false
      }
    ],
    "isTemplate": false,
    "count": 0,
    "updated": 0
  },
  {
    "id": "abe19ead-3e4e-4b59-967a-73a05909e5bc",
    "data": [
      {
        "text": "When will I get my credit card",
        "userDefined": false
      }
    ],
    "isTemplate": false,
    "count": 0,
    "updated": 1540812143
  },
  {
    "id": "616c4029-e671-49f2-bab8-f01c8bd20961",
    "data": [
      {
        "text": "How long does it take",
        "userDefined": false
      }
    ],
    "isTemplate": false,
    "count": 0,
    "updated": 1540812143
  },
  {
    "id": "65819cc6-c70a-4059-8d1c-57b465144e6a",
    "data": [
      {
        "text": "When will my credit card be delivered",
        "userDefined": false
      }
    ],
    "isTemplate": false,
    "count": 0,
    "updated": 1540812143
  },
  {
    "id": "0a6ff24a-26ad-4601-8f6d-94b912496bee",
    "data": [
      {
        "text": "How long does processing take",
        "userDefined": false
      }
    ],
    "isTemplate": false,
    "count": 0,
    "updated": 1540812143
  }
]