[
  {
    "id": "a0a9c4d6-36af-46e9-b9dd-d2ad9035ee2f",
    "data": [
      {
        "text": "I want to ",
        "userDefined": false
      },
      {
        "text": "buy",
        "alias": "prop_transaction_type",
        "meta": "@prop_transaction_type",
        "userDefined": false
      },
      {
        "text": " nasi lemak",
        "userDefined": false
      }
    ],
    "isTemplate": false,
    "count": 2,
    "updated": 1542544577
  },
  {
    "id": "4b77e302-8d1f-4eb6-82d2-2b7a5e7950f1",
    "data": [
      {
        "text": "Do you have any coffee",
        "userDefined": false
      }
    ],
    "isTemplate": false,
    "count": 1,
    "updated": 1542544577
  },
  {
    "id": "21db634c-c906-4233-9248-153f841728be",
    "data": [
      {
        "text": "i want to ",
        "userDefined": false
      },
      {
        "text": "buy",
        "alias": "prop_transaction_type",
        "meta": "@prop_transaction_type",
        "userDefined": false
      },
      {
        "text": " a mobile phone",
        "userDefined": false
      }
    ],
    "isTemplate": false,
    "count": 0,
    "updated": 0
  },
  {
    "id": "28d57234-713c-46e0-9f0f-cdadccd79945",
    "data": [
      {
        "text": "Any coffee ",
        "userDefined": false
      },
      {
        "text": "for sale",
        "alias": "prop_transaction_type",
        "meta": "@prop_transaction_type",
        "userDefined": false
      }
    ],
    "isTemplate": false,
    "count": 0,
    "updated": 1542544577
  },
  {
    "id": "1247da64-7eb3-4f1e-9c7b-dd4ff4a7a392",
    "data": [
      {
        "text": "I want to order a coffee",
        "userDefined": false
      }
    ],
    "isTemplate": false,
    "count": 0,
    "updated": 1542544577
  }
]