[
  {
    "id": "979e5994-847e-47f5-9cdc-ae2dac515e98",
    "data": [
      {
        "text": "condo",
        "alias": "property_type",
        "meta": "@property_type",
        "userDefined": true
      }
    ],
    "isTemplate": false,
    "count": 27,
    "updated": 0
  },
  {
    "id": "ffb54955-f8b2-4246-893a-bda7d4996fa3",
    "data": [
      {
        "text": "cluster house",
        "alias": "property_type",
        "meta": "@property_type",
        "userDefined": true
      }
    ],
    "isTemplate": false,
    "count": 1,
    "updated": 0
  },
  {
    "id": "ab06c5ea-79ec-4199-ad34-bf15d6991695",
    "data": [
      {
        "text": "townhouse",
        "alias": "property_type",
        "meta": "@property_type",
        "userDefined": true
      }
    ],
    "isTemplate": false,
    "count": 20,
    "updated": 0
  },
  {
    "id": "7e6e4514-7013-4d50-9f6d-75dfb0f0a085",
    "data": [
      {
        "text": "semi-d",
        "alias": "property_type",
        "meta": "@property_type",
        "userDefined": true
      }
    ],
    "isTemplate": false,
    "count": 1,
    "updated": 0
  },
  {
    "id": "707a87b1-dd62-4a9b-b42d-a499272a8a39",
    "data": [
      {
        "text": "apartment",
        "alias": "property_type",
        "meta": "@property_type",
        "userDefined": true
      }
    ],
    "isTemplate": false,
    "count": 14,
    "updated": 0
  },
  {
    "id": "8bfefd67-fc9c-4d0b-a64a-d2c146f7ab0e",
    "data": [
      {
        "text": "Central",
        "alias": "property_type",
        "meta": "@property_type",
        "userDefined": false
      }
    ],
    "isTemplate": false,
    "count": 7,
    "updated": 0
  },
  {
    "id": "800878a3-e419-42a8-ad30-d455f2de8666",
    "data": [
      {
        "text": "in the ",
        "userDefined": false
      },
      {
        "text": "east",
        "alias": "property_region",
        "meta": "@property_region",
        "userDefined": false
      }
    ],
    "isTemplate": false,
    "count": 6,
    "updated": 0
  },
  {
    "id": "a80e0235-40d1-4975-a70c-20348d90b216",
    "data": [
      {
        "text": "terrace",
        "alias": "property_type",
        "meta": "@property_type",
        "userDefined": true
      }
    ],
    "isTemplate": false,
    "count": 1,
    "updated": 0
  },
  {
    "id": "b53aa98a-3c39-4ef5-b515-3621e29c336b",
    "data": [
      {
        "text": "in the ",
        "userDefined": false
      },
      {
        "text": "north",
        "alias": "property_region",
        "meta": "@property_region",
        "userDefined": false
      }
    ],
    "isTemplate": false,
    "count": 5,
    "updated": 0
  },
  {
    "id": "6a4d44a4-8374-4ce1-8002-d0074d0ac58f",
    "data": [
      {
        "text": "Any ",
        "userDefined": false
      },
      {
        "text": "condo",
        "alias": "property_type",
        "meta": "@property_type",
        "userDefined": false
      },
      {
        "text": " in the ",
        "userDefined": false
      },
      {
        "text": "east",
        "alias": "property_region",
        "meta": "@property_region",
        "userDefined": false
      }
    ],
    "isTemplate": false,
    "count": 0,
    "updated": 0
  },
  {
    "id": "ca12c96f-1813-41e3-a0c9-756425d14dd5",
    "data": [
      {
        "text": "apartment",
        "alias": "property_type",
        "meta": "@property_type",
        "userDefined": false
      },
      {
        "text": " at the ",
        "userDefined": false
      },
      {
        "text": "northeastern",
        "alias": "property_region",
        "meta": "@property_region",
        "userDefined": false
      }
    ],
    "isTemplate": false,
    "count": 0,
    "updated": 1542632618
  },
  {
    "id": "64f1ad3e-1c97-4cde-99c4-ec230833c36d",
    "data": [
      {
        "text": "at the ",
        "userDefined": false
      },
      {
        "text": "west",
        "alias": "property_region",
        "meta": "@property_region",
        "userDefined": false
      }
    ],
    "isTemplate": false,
    "count": 0,
    "updated": 0
  },
  {
    "id": "75f2e0c6-a9c1-4d2a-ac22-bb05f09002ca",
    "data": [
      {
        "text": "condo",
        "alias": "property_type",
        "meta": "@property_type",
        "userDefined": false
      },
      {
        "text": " in ",
        "userDefined": false
      },
      {
        "text": "central",
        "alias": "property_region",
        "meta": "@property_region",
        "userDefined": false
      }
    ],
    "isTemplate": false,
    "count": 0,
    "updated": 0
  },
  {
    "id": "5778b3d5-b365-4cd9-aab0-2b05463d0e06",
    "data": [
      {
        "text": "apartment",
        "alias": "property_type",
        "meta": "@property_type",
        "userDefined": false
      },
      {
        "text": " la",
        "userDefined": false
      }
    ],
    "isTemplate": false,
    "count": 0,
    "updated": 0
  },
  {
    "id": "e06c0c2e-dd46-44fe-90ab-42d691564d90",
    "data": [
      {
        "text": "I am interested in a property in the ",
        "userDefined": false
      },
      {
        "text": "north",
        "alias": "property_region",
        "meta": "@property_region",
        "userDefined": true
      }
    ],
    "isTemplate": false,
    "count": 0,
    "updated": 0
  },
  {
    "id": "5a892a2a-45f9-4abf-90b5-ed0db21b5a7e",
    "data": [
      {
        "text": "I am interested property in the ",
        "userDefined": false
      },
      {
        "text": "west",
        "alias": "property_region",
        "meta": "@property_region",
        "userDefined": true
      }
    ],
    "isTemplate": false,
    "count": 1,
    "updated": 0
  },
  {
    "id": "3dcc36cb-1e77-44bd-aec8-152899352a1f",
    "data": [
      {
        "text": "I\u0027m interested in a property in the ",
        "userDefined": false
      },
      {
        "text": "west",
        "alias": "property_region",
        "meta": "@property_region",
        "userDefined": true
      }
    ],
    "isTemplate": false,
    "count": 3,
    "updated": 0
  },
  {
    "id": "b9864224-4449-4de4-8a02-7e0805b9c820",
    "data": [
      {
        "text": "Do you have any ",
        "userDefined": false
      },
      {
        "text": "townhouse",
        "alias": "property_type",
        "meta": "@property_type",
        "userDefined": false
      },
      {
        "text": " in the ",
        "userDefined": false
      },
      {
        "text": "east",
        "alias": "property_region",
        "meta": "@property_region",
        "userDefined": true
      }
    ],
    "isTemplate": false,
    "count": 1,
    "updated": 0
  },
  {
    "id": "a07f2e0e-5bc5-42ac-a2b7-36efd38b3d09",
    "data": [
      {
        "text": "I am interested in a property in the ",
        "userDefined": false
      },
      {
        "text": "east",
        "alias": "property_region",
        "meta": "@property_region",
        "userDefined": true
      }
    ],
    "isTemplate": false,
    "count": 0,
    "updated": 0
  },
  {
    "id": "874cb7d8-7cc9-4ced-99a1-512d802dded5",
    "data": [
      {
        "text": "I\u0027m interested in a property in the ",
        "userDefined": false
      },
      {
        "text": "east",
        "alias": "property_region",
        "meta": "@property_region",
        "userDefined": true
      }
    ],
    "isTemplate": false,
    "count": 0,
    "updated": 0
  },
  {
    "id": "05b45206-2edb-4d4a-9096-9b46d045e972",
    "data": [
      {
        "text": "I have interested in your property in ",
        "userDefined": false
      },
      {
        "text": "Central",
        "alias": "property_type",
        "meta": "@property_type",
        "userDefined": true
      },
      {
        "text": ", any one to recommend",
        "userDefined": false
      }
    ],
    "isTemplate": false,
    "count": 2,
    "updated": 0
  },
  {
    "id": "6995ff0a-629d-40e5-8ae8-7faaa4d202e6",
    "data": [
      {
        "text": "Property in ",
        "userDefined": false
      },
      {
        "text": "Central",
        "alias": "property_region",
        "meta": "@property_region",
        "userDefined": true
      }
    ],
    "isTemplate": false,
    "count": 0,
    "updated": 0
  },
  {
    "id": "e8ad43d5-96ab-423d-8e1f-c9cc31d8b105",
    "data": [
      {
        "text": "conservation terrace",
        "alias": "property_type",
        "meta": "@property_type",
        "userDefined": true
      }
    ],
    "isTemplate": false,
    "count": 1,
    "updated": 1542379871
  },
  {
    "id": "920ac330-2b69-43af-b3fb-0f358662cabf",
    "data": [
      {
        "text": "terrace",
        "alias": "property_type",
        "meta": "@property_type",
        "userDefined": false
      },
      {
        "text": " leh",
        "userDefined": false
      }
    ],
    "isTemplate": false,
    "count": 0,
    "updated": 1542601452
  },
  {
    "id": "d870e911-f6d9-475e-b7c0-187c484ed1dc",
    "data": [
      {
        "text": "bungalow",
        "alias": "property_type",
        "meta": "@property_type",
        "userDefined": false
      },
      {
        "text": " la",
        "userDefined": false
      }
    ],
    "isTemplate": false,
    "count": 0,
    "updated": 1542601452
  },
  {
    "id": "be6472e6-34e0-4abf-bf25-a9ad93e70318",
    "data": [
      {
        "text": "apartment",
        "alias": "property_type",
        "meta": "@property_type",
        "userDefined": true
      },
      {
        "text": " lah",
        "userDefined": false
      }
    ],
    "isTemplate": false,
    "count": 0,
    "updated": 1542601452
  },
  {
    "id": "8f7a9277-00c1-4075-8230-f399029abd9c",
    "data": [
      {
        "text": "semi d",
        "alias": "property_type",
        "meta": "@property_type",
        "userDefined": true
      }
    ],
    "isTemplate": false,
    "count": 0,
    "updated": 0
  },
  {
    "id": "9d28fbf2-0e3e-4986-9933-8906e0542f21",
    "data": [
      {
        "text": "semi-detached",
        "alias": "property_type",
        "meta": "@property_type",
        "userDefined": true
      }
    ],
    "isTemplate": false,
    "count": 0,
    "updated": 0
  },
  {
    "id": "56cc4048-fda8-4ab7-a4dd-31481ee26d4c",
    "data": [
      {
        "text": "semi-detach",
        "alias": "property_type",
        "meta": "@property_type",
        "userDefined": true
      }
    ],
    "isTemplate": false,
    "count": 0,
    "updated": 0
  },
  {
    "id": "d7365c15-1f73-4254-a238-c42daf42b0ff",
    "data": [
      {
        "text": "soho",
        "alias": "property_type",
        "meta": "@property_type",
        "userDefined": true
      }
    ],
    "isTemplate": false,
    "count": 0,
    "updated": 0
  },
  {
    "id": "c17ae92f-68b7-49e5-8c49-aa2ad79e48f0",
    "data": [
      {
        "text": "terrace house",
        "alias": "property_type",
        "meta": "@property_type",
        "userDefined": true
      }
    ],
    "isTemplate": false,
    "count": 0,
    "updated": 0
  },
  {
    "id": "6b193332-c6bb-4888-b332-cb8a5c7dea2e",
    "data": [
      {
        "text": "town house",
        "alias": "property_type",
        "meta": "@property_type",
        "userDefined": true
      }
    ],
    "isTemplate": false,
    "count": 0,
    "updated": 0
  },
  {
    "id": "63b9d9d9-ac37-4935-9a15-7c501e1374a0",
    "data": [
      {
        "text": "town-house",
        "alias": "property_type",
        "meta": "@property_type",
        "userDefined": true
      }
    ],
    "isTemplate": false,
    "count": 0,
    "updated": 0
  },
  {
    "id": "2a48c085-37a7-44a1-8151-a455ef06c178",
    "data": [
      {
        "text": "bungalow",
        "alias": "property_type",
        "meta": "@property_type",
        "userDefined": true
      }
    ],
    "isTemplate": false,
    "count": 0,
    "updated": 0
  },
  {
    "id": "c1a6aa95-e749-4b2f-816a-bf6758d1476d",
    "data": [
      {
        "text": "cluster housing",
        "alias": "property_type",
        "meta": "@property_type",
        "userDefined": true
      }
    ],
    "isTemplate": false,
    "count": 0,
    "updated": 0
  },
  {
    "id": "618ac1fb-76b5-4818-8abb-c1e2225af2e0",
    "data": [
      {
        "text": "condominium",
        "alias": "property_type",
        "meta": "@property_type",
        "userDefined": true
      }
    ],
    "isTemplate": false,
    "count": 0,
    "updated": 0
  },
  {
    "id": "67d04147-6fb4-4307-a636-8716bde8fb23",
    "data": [
      {
        "text": "loft",
        "alias": "property_type",
        "meta": "@property_type",
        "userDefined": true
      }
    ],
    "isTemplate": false,
    "count": 0,
    "updated": 0
  },
  {
    "id": "c2db1b17-b327-479a-a14e-3e7511620b15",
    "data": [
      {
        "text": "penthouse",
        "alias": "property_type",
        "meta": "@property_type",
        "userDefined": true
      }
    ],
    "isTemplate": false,
    "count": 0,
    "updated": 0
  }
]