[
  {
    "id": "f110e6d9-4fd2-4d54-b821-511a67f5e5c0",
    "data": [
      {
        "text": "simi la",
        "userDefined": false
      }
    ],
    "isTemplate": false,
    "count": 0,
    "updated": 0
  },
  {
    "id": "8d76c619-c917-48fc-b071-10f370d16cdd",
    "data": [
      {
        "text": "hi",
        "userDefined": false
      }
    ],
    "isTemplate": false,
    "count": 0,
    "updated": 0
  },
  {
    "id": "2b19cce4-7037-4a6e-9fd1-178f0fb54d66",
    "data": [
      {
        "text": "helllooooo",
        "userDefined": false
      }
    ],
    "isTemplate": false,
    "count": 1,
    "updated": 0
  },
  {
    "id": "01b42d41-1f12-4a1f-8e01-46349cfccc35",
    "data": [
      {
        "text": "hello... there",
        "userDefined": false
      }
    ],
    "isTemplate": false,
    "count": 0,
    "updated": 1542000375
  },
  {
    "id": "ce088726-b792-4675-b2cb-fe98b36412cc",
    "data": [
      {
        "text": "yo",
        "userDefined": false
      }
    ],
    "isTemplate": false,
    "count": 0,
    "updated": 1542000375
  },
  {
    "id": "14fa54a0-89c1-403b-9505-716d44885e83",
    "data": [
      {
        "text": "Hello whats up",
        "userDefined": false
      }
    ],
    "isTemplate": false,
    "count": 0,
    "updated": 0
  },
  {
    "id": "5db35756-b18e-49e0-8f5c-3e4a4aab65eb",
    "data": [
      {
        "text": "I want a",
        "userDefined": false
      }
    ],
    "isTemplate": false,
    "count": 0,
    "updated": 0
  },
  {
    "id": "b549309d-9ba5-4631-8971-7aa16f2a4e1f",
    "data": [
      {
        "text": "just going to say hi",
        "userDefined": false
      }
    ],
    "isTemplate": false,
    "count": 0,
    "updated": 0
  },
  {
    "id": "1f1f3ed4-07d2-4c4e-94f3-e0eb9a8f6de9",
    "data": [
      {
        "text": "heya",
        "userDefined": false
      }
    ],
    "isTemplate": false,
    "count": 0,
    "updated": 0
  },
  {
    "id": "c156c768-e25c-45bf-bed3-7c8e5bcfdbab",
    "data": [
      {
        "text": "hello hi",
        "userDefined": false
      }
    ],
    "isTemplate": false,
    "count": 0,
    "updated": 0
  },
  {
    "id": "7a049241-81bf-4779-9e0c-b3fe5a1b4502",
    "data": [
      {
        "text": "howdy",
        "userDefined": false
      }
    ],
    "isTemplate": false,
    "count": 0,
    "updated": 1542696042
  },
  {
    "id": "952d1aeb-4b8b-4564-8d07-b2260a5ce9c2",
    "data": [
      {
        "text": "hey there",
        "userDefined": false
      }
    ],
    "isTemplate": false,
    "count": 0,
    "updated": 1542696042
  },
  {
    "id": "47661aa1-f7e0-4ee7-b93d-cbc650f826f0",
    "data": [
      {
        "text": "hi there",
        "userDefined": false
      }
    ],
    "isTemplate": false,
    "count": 1,
    "updated": 1542696042
  },
  {
    "id": "3295d42c-8d47-4524-ae77-23b7505f6599",
    "data": [
      {
        "text": "greetings",
        "userDefined": false
      }
    ],
    "isTemplate": false,
    "count": 0,
    "updated": 1542696042
  },
  {
    "id": "d87d155e-4e84-4636-808b-6d7cdb36f4ca",
    "data": [
      {
        "text": "hey",
        "userDefined": false
      }
    ],
    "isTemplate": false,
    "count": 0,
    "updated": 1542696042
  },
  {
    "id": "098a3856-4e0e-435e-8e4b-84dac2d82640",
    "data": [
      {
        "text": "long time no see",
        "userDefined": false
      }
    ],
    "isTemplate": false,
    "count": 0,
    "updated": 1542696042
  },
  {
    "id": "6c6db38d-20fb-439f-af1e-2fde11dbd133",
    "data": [
      {
        "text": "hello",
        "userDefined": false
      }
    ],
    "isTemplate": false,
    "count": 0,
    "updated": 1542696042
  },
  {
    "id": "dbaa7929-8593-41da-96cd-66b4ed55e0a5",
    "data": [
      {
        "text": "lovely day isn\u0027t it",
        "userDefined": false
      }
    ],
    "isTemplate": false,
    "count": 0,
    "updated": 1542696042
  },
  {
    "id": "910e67bc-8bf9-40ce-b4ed-65b00a214394",
    "data": [
      {
        "text": "I greet you",
        "userDefined": false
      }
    ],
    "isTemplate": false,
    "count": 0,
    "updated": 1542696042
  },
  {
    "id": "09a2b4fd-662a-4343-b5d8-ae23ed3d3a7b",
    "data": [
      {
        "text": "hello again",
        "userDefined": false
      }
    ],
    "isTemplate": false,
    "count": 1,
    "updated": 1542696042
  },
  {
    "id": "91a047ed-82ef-432e-bb2c-054641747f76",
    "data": [
      {
        "text": "hello there",
        "userDefined": false
      }
    ],
    "isTemplate": false,
    "count": 0,
    "updated": 0
  },
  {
    "id": "73405222-212c-4ca1-beb4-2482f23e3437",
    "data": [
      {
        "text": "a good day",
        "userDefined": false
      }
    ],
    "isTemplate": false,
    "count": 0,
    "updated": 0
  }
]