[
  {
    "id": "b2a9b987-1755-432b-9dc0-0da36a6c05d5",
    "data": [
      {
        "text": "what type of property do you have",
        "userDefined": false
      }
    ],
    "isTemplate": false,
    "count": 0,
    "updated": 0
  },
  {
    "id": "66645409-0473-425c-829d-5326402d9e7f",
    "data": [
      {
        "text": "what is property typpe",
        "userDefined": false
      }
    ],
    "isTemplate": false,
    "count": 0,
    "updated": 0
  },
  {
    "id": "87eb8b1d-5699-45aa-8548-7a24272ba8fa",
    "data": [
      {
        "text": "what is property type",
        "userDefined": false
      }
    ],
    "isTemplate": false,
    "count": 0,
    "updated": 0
  },
  {
    "id": "ebc223b9-0049-406c-982b-33eeb2b1c1db",
    "data": [
      {
        "text": "what type of house is available for sale",
        "userDefined": false
      }
    ],
    "isTemplate": false,
    "count": 0,
    "updated": 1542148404
  },
  {
    "id": "8a479d0e-1c9f-48be-9e8e-9d013c03a5d3",
    "data": [
      {
        "text": "for rental, what type of property is available",
        "userDefined": false
      }
    ],
    "isTemplate": false,
    "count": 0,
    "updated": 1542150100
  },
  {
    "id": "994bd3ca-55c5-4ec7-aa38-b132d59ff580",
    "data": [
      {
        "text": "what property type do you have for ",
        "userDefined": false
      },
      {
        "text": "rent",
        "meta": "@sys.ignore",
        "userDefined": false
      }
    ],
    "isTemplate": false,
    "count": 0,
    "updated": 1542150100
  },
  {
    "id": "a6fff270-0171-46a6-a519-6fe9f014b6d5",
    "data": [
      {
        "text": "what kind of properties  are available for ",
        "userDefined": false
      },
      {
        "text": "lease",
        "meta": "@sys.ignore",
        "userDefined": false
      }
    ],
    "isTemplate": false,
    "count": 0,
    "updated": 1542150100
  },
  {
    "id": "f4d48629-a20b-4aab-9442-d0fdac853acd",
    "data": [
      {
        "text": "do you have different property",
        "userDefined": false
      }
    ],
    "isTemplate": false,
    "count": 0,
    "updated": 1542150100
  },
  {
    "id": "096c609a-f3a1-41a2-b476-f1a04a3313aa",
    "data": [
      {
        "text": "do you have different types of real estate",
        "userDefined": false
      }
    ],
    "isTemplate": false,
    "count": 0,
    "updated": 1542150100
  },
  {
    "id": "d5666f82-4879-4a72-b8cf-a4d1a74222ab",
    "data": [
      {
        "text": "what type of residential properties do you",
        "userDefined": false
      }
    ],
    "isTemplate": false,
    "count": 0,
    "updated": 1542150100
  },
  {
    "id": "5a76863b-2d83-4629-b187-c5d486228521",
    "data": [
      {
        "text": "what property type are are",
        "userDefined": false
      }
    ],
    "isTemplate": false,
    "count": 0,
    "updated": 1542150100
  },
  {
    "id": "d0d5e6a3-6ade-40fc-bbc4-da7117422f2b",
    "data": [
      {
        "text": "what are the different types of housing available",
        "userDefined": false
      }
    ],
    "isTemplate": false,
    "count": 0,
    "updated": 1542150100
  },
  {
    "id": "e38550e5-0b64-4c90-b578-5966d7bbeff9",
    "data": [
      {
        "text": "what type of home do you have for rent",
        "userDefined": false
      }
    ],
    "isTemplate": false,
    "count": 0,
    "updated": 1542148404
  }
]