[
  {
    "id": "da48157d-4462-4821-a8a9-02e941fb4647",
    "data": [
      {
        "text": "sure",
        "userDefined": false
      }
    ],
    "isTemplate": false,
    "count": 2,
    "updated": 1542377407
  },
  {
    "id": "d21d909f-c913-4c7b-83aa-a55f43228031",
    "data": [
      {
        "text": "okay",
        "userDefined": false
      }
    ],
    "isTemplate": false,
    "count": 1,
    "updated": 1542377407
  },
  {
    "id": "655be92f-2fdc-4736-8451-50e6408318ac",
    "data": [
      {
        "text": "sounds correct",
        "userDefined": false
      }
    ],
    "isTemplate": false,
    "count": 1,
    "updated": 1542377407
  },
  {
    "id": "8fcbc6d2-ff1f-4352-b497-049942e4a17f",
    "data": [
      {
        "text": "that works",
        "userDefined": false
      }
    ],
    "isTemplate": false,
    "count": 0,
    "updated": 1542377407
  },
  {
    "id": "9265f79f-63d9-4d20-b6c9-ecde966a73a0",
    "data": [
      {
        "text": "yep that\u0027s ok",
        "userDefined": false
      }
    ],
    "isTemplate": false,
    "count": 0,
    "updated": 1542377407
  },
  {
    "id": "80c4d04c-7390-4fbd-93e1-2ccd7e698e7a",
    "data": [
      {
        "text": "yes that\u0027s alright",
        "userDefined": false
      }
    ],
    "isTemplate": false,
    "count": 0,
    "updated": 1542377407
  },
  {
    "id": "1ed5c12b-66fc-4c0d-9245-5b7c837afd42",
    "data": [
      {
        "text": "I think so",
        "userDefined": false
      }
    ],
    "isTemplate": false,
    "count": 0,
    "updated": 1542377407
  },
  {
    "id": "492ad4ae-9649-4821-8e27-6479cf379aed",
    "data": [
      {
        "text": "sg",
        "userDefined": false
      }
    ],
    "isTemplate": false,
    "count": 0,
    "updated": 1542377407
  },
  {
    "id": "79e7c3bf-a6f1-4197-8e5e-40fc59400b3a",
    "data": [
      {
        "text": "yes I agree",
        "userDefined": false
      }
    ],
    "isTemplate": false,
    "count": 1,
    "updated": 1542377407
  },
  {
    "id": "4cec3d0b-07be-4960-8485-b71eefeb68b1",
    "data": [
      {
        "text": "I don\u0027t mind",
        "userDefined": false
      }
    ],
    "isTemplate": false,
    "count": 3,
    "updated": 1542377407
  },
  {
    "id": "71644c47-e824-4669-bdf6-da9dab1d3969",
    "data": [
      {
        "text": "I agree",
        "userDefined": false
      }
    ],
    "isTemplate": false,
    "count": 2,
    "updated": 1542377407
  },
  {
    "id": "fd0c94af-6f59-4843-96b7-88f6ea9d181d",
    "data": [
      {
        "text": "yes I do",
        "userDefined": false
      }
    ],
    "isTemplate": false,
    "count": 0,
    "updated": 1542377407
  },
  {
    "id": "5337271b-9aca-4415-8178-4fd270e6d6a8",
    "data": [
      {
        "text": "for sure",
        "userDefined": false
      }
    ],
    "isTemplate": false,
    "count": 0,
    "updated": 1542377407
  },
  {
    "id": "bb84189c-5105-4b21-86de-ef6edac4bdb7",
    "data": [
      {
        "text": "ok",
        "userDefined": false
      }
    ],
    "isTemplate": false,
    "count": 1,
    "updated": 1542377407
  },
  {
    "id": "c170ee00-8be7-4eed-9a49-43fd38328017",
    "data": [
      {
        "text": "yes that\u0027t ok",
        "userDefined": false
      }
    ],
    "isTemplate": false,
    "count": 0,
    "updated": 1542377407
  },
  {
    "id": "dba7d62a-2fc9-416d-a57c-81f6cf325b4d",
    "data": [
      {
        "text": "that one works",
        "userDefined": false
      }
    ],
    "isTemplate": false,
    "count": 0,
    "updated": 1542377407
  },
  {
    "id": "12c177bc-3837-4a40-865b-47f8bd5b8d67",
    "data": [
      {
        "text": "yes you can do it",
        "userDefined": false
      }
    ],
    "isTemplate": false,
    "count": 0,
    "updated": 1542377407
  },
  {
    "id": "37bef540-3a8c-4461-9542-56628f4d98a4",
    "data": [
      {
        "text": "perfect",
        "userDefined": false
      }
    ],
    "isTemplate": false,
    "count": 0,
    "updated": 1542377407
  },
  {
    "id": "316af6d4-e402-4425-84d4-61507be10507",
    "data": [
      {
        "text": "yes",
        "userDefined": false
      }
    ],
    "isTemplate": false,
    "count": 1,
    "updated": 1542377407
  },
  {
    "id": "37582834-75ad-4b41-a487-63cfec630695",
    "data": [
      {
        "text": "why not",
        "userDefined": false
      }
    ],
    "isTemplate": false,
    "count": 0,
    "updated": 1542377407
  },
  {
    "id": "36e4a980-1ad2-4a12-be96-f9cdd17337a4",
    "data": [
      {
        "text": "of course",
        "userDefined": false
      }
    ],
    "isTemplate": false,
    "count": 0,
    "updated": 1542377407
  },
  {
    "id": "2fd92654-7a4b-4e5e-a4f1-123cc6cd9140",
    "data": [
      {
        "text": "yep that\u0027s right",
        "userDefined": false
      }
    ],
    "isTemplate": false,
    "count": 1,
    "updated": 1542377407
  },
  {
    "id": "b8800257-c725-46d7-a33f-ea240e055d24",
    "data": [
      {
        "text": "okay I will",
        "userDefined": false
      }
    ],
    "isTemplate": false,
    "count": 2,
    "updated": 1542377407
  },
  {
    "id": "b8b891c8-2022-4287-8e93-1601d0e5ff3a",
    "data": [
      {
        "text": "exactly",
        "userDefined": false
      }
    ],
    "isTemplate": false,
    "count": 1,
    "updated": 1542377407
  },
  {
    "id": "0259654c-f4db-4c52-9aa5-fab978216679",
    "data": [
      {
        "text": "sure why not",
        "userDefined": false
      }
    ],
    "isTemplate": false,
    "count": 0,
    "updated": 1542377407
  },
  {
    "id": "c5ce0293-2d6b-4e38-9aa2-baf9594b05c5",
    "data": [
      {
        "text": "absolutely",
        "userDefined": false
      }
    ],
    "isTemplate": false,
    "count": 1,
    "updated": 1542377407
  },
  {
    "id": "bfbe16ce-feac-4c14-94c7-6063d426d5a7",
    "data": [
      {
        "text": "it\u0027s okay",
        "userDefined": false
      }
    ],
    "isTemplate": false,
    "count": 0,
    "updated": 1542377407
  },
  {
    "id": "163137ac-4258-4ac2-a741-60c24a1bc2f1",
    "data": [
      {
        "text": "it\u0027s fine",
        "userDefined": false
      }
    ],
    "isTemplate": false,
    "count": 0,
    "updated": 1542377407
  },
  {
    "id": "0cecb268-8808-4c60-abc7-e64edc76520a",
    "data": [
      {
        "text": "go ahead",
        "userDefined": false
      }
    ],
    "isTemplate": false,
    "count": 1,
    "updated": 1542377407
  },
  {
    "id": "5314ea4d-006f-42db-bc51-54bdc611f291",
    "data": [
      {
        "text": "confirm",
        "userDefined": false
      }
    ],
    "isTemplate": false,
    "count": 1,
    "updated": 1542377407
  },
  {
    "id": "153231d0-c30c-4305-81fa-3161a57832a5",
    "data": [
      {
        "text": "sounds good",
        "userDefined": false
      }
    ],
    "isTemplate": false,
    "count": 0,
    "updated": 1542377407
  },
  {
    "id": "effbc280-1721-4703-96f9-9dfe11330500",
    "data": [
      {
        "text": "alright",
        "userDefined": false
      }
    ],
    "isTemplate": false,
    "count": 0,
    "updated": 1542377407
  },
  {
    "id": "50a828a1-0715-475a-9205-065bc26f0528",
    "data": [
      {
        "text": "yeah",
        "userDefined": false
      }
    ],
    "isTemplate": false,
    "count": 0,
    "updated": 1542377407
  },
  {
    "id": "2c22e02d-081f-49b2-8ff0-c16b481cd79e",
    "data": [
      {
        "text": "yup",
        "userDefined": false
      }
    ],
    "isTemplate": false,
    "count": 0,
    "updated": 1542377407
  },
  {
    "id": "0b2050d6-254e-4958-9a54-17dc58c03a97",
    "data": [
      {
        "text": "yes please",
        "userDefined": false
      }
    ],
    "isTemplate": false,
    "count": 0,
    "updated": 1542377407
  },
  {
    "id": "2d8420b2-7efe-4ceb-ac97-607021dca590",
    "data": [
      {
        "text": "do it",
        "userDefined": false
      }
    ],
    "isTemplate": false,
    "count": 1,
    "updated": 1542377407
  },
  {
    "id": "c64cdb1a-b8d6-47db-94d8-2e0592372688",
    "data": [
      {
        "text": "yes I can",
        "userDefined": false
      }
    ],
    "isTemplate": false,
    "count": 0,
    "updated": 1542377407
  },
  {
    "id": "d6e77605-754f-4273-8799-be0233105811",
    "data": [
      {
        "text": "it looks perfect",
        "userDefined": false
      }
    ],
    "isTemplate": false,
    "count": 0,
    "updated": 1542377407
  },
  {
    "id": "53c685f4-41fa-49e3-b634-ab890603fe5e",
    "data": [
      {
        "text": "that\u0027s correct",
        "userDefined": false
      }
    ],
    "isTemplate": false,
    "count": 0,
    "updated": 1542377407
  },
  {
    "id": "7090c32b-5cfe-42f0-aeba-f4f3f27d5ac7",
    "data": [
      {
        "text": "right",
        "userDefined": false
      }
    ],
    "isTemplate": false,
    "count": 0,
    "updated": 1542377407
  },
  {
    "id": "59e13075-afa7-493e-a6d9-e803504db472",
    "data": [
      {
        "text": "alright why not",
        "userDefined": false
      }
    ],
    "isTemplate": false,
    "count": 0,
    "updated": 1542377407
  },
  {
    "id": "40042cae-024a-4511-9110-c5581f9c19fe",
    "data": [
      {
        "text": "yep",
        "userDefined": false
      }
    ],
    "isTemplate": false,
    "count": 0,
    "updated": 1542377407
  }
]