[
  {
    "id": "67468e6f-4942-4939-a299-22751f565ba1",
    "data": [
      {
        "text": "centre",
        "alias": "property_region",
        "meta": "@property_region",
        "userDefined": false
      }
    ],
    "isTemplate": false,
    "count": 0,
    "updated": 1542521194
  },
  {
    "id": "6a11b9f1-4f61-4d8b-98c5-2c83e6790f4a",
    "data": [
      {
        "text": "western",
        "alias": "property_region",
        "meta": "@property_region",
        "userDefined": false
      }
    ],
    "isTemplate": false,
    "count": 0,
    "updated": 1542524026
  },
  {
    "id": "5729c6f9-46cf-4f00-a8ae-d169e87a456b",
    "data": [
      {
        "text": "west",
        "alias": "property_region",
        "meta": "@property_region",
        "userDefined": false
      }
    ],
    "isTemplate": false,
    "count": 0,
    "updated": 1542524026
  },
  {
    "id": "ddf7a85d-fe66-484e-8287-b6a579392f3c",
    "data": [
      {
        "text": "eastern",
        "alias": "property_region",
        "meta": "@property_region",
        "userDefined": false
      }
    ],
    "isTemplate": false,
    "count": 0,
    "updated": 1542524026
  },
  {
    "id": "a7609af2-90d9-4b89-a126-5e9ab4b7a18d",
    "data": [
      {
        "text": "east",
        "alias": "property_region",
        "meta": "@property_region",
        "userDefined": false
      }
    ],
    "isTemplate": false,
    "count": 0,
    "updated": 1542524026
  },
  {
    "id": "247c99ec-d54c-4fb4-87d0-4ada900042a8",
    "data": [
      {
        "text": "north-eastern",
        "alias": "property_region",
        "meta": "@property_region",
        "userDefined": false
      }
    ],
    "isTemplate": false,
    "count": 1,
    "updated": 1542524026
  },
  {
    "id": "bb9fe457-64f0-4e8b-b6bc-5c6eafb94a9a",
    "data": [
      {
        "text": "northeast",
        "alias": "property_region",
        "meta": "@property_region",
        "userDefined": false
      }
    ],
    "isTemplate": false,
    "count": 0,
    "updated": 1542524026
  },
  {
    "id": "ab7d95ff-c8c3-4695-a250-3dfe26135373",
    "data": [
      {
        "text": "southern",
        "alias": "property_region",
        "meta": "@property_region",
        "userDefined": false
      }
    ],
    "isTemplate": false,
    "count": 0,
    "updated": 1542524026
  },
  {
    "id": "33bf1f2e-6f5b-45c3-a2f2-26ce10021b30",
    "data": [
      {
        "text": "northern",
        "alias": "property_region",
        "meta": "@property_region",
        "userDefined": false
      }
    ],
    "isTemplate": false,
    "count": 0,
    "updated": 1542524026
  },
  {
    "id": "9d653369-713b-420a-9da4-6ffe406daefe",
    "data": [
      {
        "text": "north-east",
        "alias": "property_region",
        "meta": "@property_region",
        "userDefined": false
      }
    ],
    "isTemplate": false,
    "count": 1,
    "updated": 1542523437
  },
  {
    "id": "b86caa7b-85a1-48eb-859f-e9a022ace0e0",
    "data": [
      {
        "text": "north",
        "alias": "property_region",
        "meta": "@property_region",
        "userDefined": false
      }
    ],
    "isTemplate": false,
    "count": 0,
    "updated": 1542523437
  },
  {
    "id": "ffbbcd9f-ef06-497e-86b6-f3d2e26df0a1",
    "data": [
      {
        "text": "south",
        "alias": "property_region",
        "meta": "@property_region",
        "userDefined": false
      }
    ],
    "isTemplate": false,
    "count": 0,
    "updated": 1542523437
  },
  {
    "id": "063e7d8c-8c4c-4a6f-bcec-ed36354ffb1e",
    "data": [
      {
        "text": "center",
        "alias": "property_region",
        "meta": "@property_region",
        "userDefined": false
      }
    ],
    "isTemplate": false,
    "count": 0,
    "updated": 1542521194
  },
  {
    "id": "b586ff24-4caa-487b-b9d3-05d26562b764",
    "data": [
      {
        "text": "central",
        "alias": "property_region",
        "meta": "@property_region",
        "userDefined": false
      }
    ],
    "isTemplate": false,
    "count": 0,
    "updated": 1542521194
  }
]