[
  {
    "id": "1ced5288-d649-47f5-8fbc-3b28ebb970ff",
    "data": [
      {
        "text": "rent",
        "alias": "prop_transaction_type",
        "meta": "@prop_transaction_type",
        "userDefined": false
      },
      {
        "text": " lor",
        "userDefined": false
      }
    ],
    "isTemplate": false,
    "count": 1,
    "updated": 0
  },
  {
    "id": "123673cd-351b-42be-9695-0aec74e6ab21",
    "data": [
      {
        "text": "lease",
        "alias": "prop_transaction_type",
        "meta": "@prop_transaction_type",
        "userDefined": false
      }
    ],
    "isTemplate": false,
    "count": 0,
    "updated": 1542366442
  },
  {
    "id": "e601b005-b78d-4935-b1a1-946662d6b1c1",
    "data": [
      {
        "text": "rental",
        "alias": "prop_transaction_type",
        "meta": "@prop_transaction_type",
        "userDefined": false
      }
    ],
    "isTemplate": false,
    "count": 0,
    "updated": 1542366442
  },
  {
    "id": "1193f68e-3b4d-4088-b9cf-c36c59da9390",
    "data": [
      {
        "text": "rent",
        "alias": "prop_transaction_type",
        "meta": "@prop_transaction_type",
        "userDefined": false
      },
      {
        "text": " lah",
        "userDefined": false
      }
    ],
    "isTemplate": false,
    "count": 0,
    "updated": 1542366442
  },
  {
    "id": "425cc95c-758c-4dbc-9f99-efaec2915a12",
    "data": [
      {
        "text": "rent",
        "alias": "prop_transaction_type",
        "meta": "@prop_transaction_type",
        "userDefined": false
      },
      {
        "text": " la",
        "userDefined": false
      }
    ],
    "isTemplate": false,
    "count": 0,
    "updated": 1542366442
  },
  {
    "id": "592fb67b-282f-403b-8560-73f6efafcee3",
    "data": [
      {
        "text": "rent",
        "alias": "prop_transaction_type",
        "meta": "@prop_transaction_type",
        "userDefined": false
      }
    ],
    "isTemplate": false,
    "count": 0,
    "updated": 1542366442
  }
]