[
  {
    "id": "1e18fed8-c56a-4ee8-b6df-002292608bd3",
    "data": [
      {
        "text": "bungalow",
        "alias": "property_type",
        "meta": "@property_type",
        "userDefined": false
      }
    ],
    "isTemplate": false,
    "count": 0,
    "updated": 1542379035
  },
  {
    "id": "6ef259a8-ca83-4dd4-bca6-217949e7de21",
    "data": [
      {
        "text": "town-house",
        "alias": "property_type",
        "meta": "@property_type",
        "userDefined": false
      }
    ],
    "isTemplate": false,
    "count": 0,
    "updated": 1542380129
  },
  {
    "id": "43c11a68-c0c4-4a61-8e90-02ad8d57b7e8",
    "data": [
      {
        "text": "townhouse",
        "alias": "property_type",
        "meta": "@property_type",
        "userDefined": false
      }
    ],
    "isTemplate": false,
    "count": 0,
    "updated": 1542380129
  },
  {
    "id": "bbc002a4-cd0a-4f5e-9632-34d81a7ab6a6",
    "data": [
      {
        "text": "town house",
        "alias": "property_type",
        "meta": "@property_type",
        "userDefined": false
      }
    ],
    "isTemplate": false,
    "count": 0,
    "updated": 1542380129
  },
  {
    "id": "d6f65726-d958-47b5-9e0c-48e1b1f3b26c",
    "data": [
      {
        "text": "semi detached",
        "alias": "property_type",
        "meta": "@property_type",
        "userDefined": false
      }
    ],
    "isTemplate": false,
    "count": 0,
    "updated": 1542380129
  },
  {
    "id": "c5a55657-b536-433f-9e38-f667fe67396c",
    "data": [
      {
        "text": "semidetached",
        "alias": "property_type",
        "meta": "@property_type",
        "userDefined": false
      }
    ],
    "isTemplate": false,
    "count": 0,
    "updated": 1542380129
  },
  {
    "id": "6e779435-0a98-4ac0-b99b-ebc197b35c53",
    "data": [
      {
        "text": "semi-detached",
        "alias": "property_type",
        "meta": "@property_type",
        "userDefined": false
      }
    ],
    "isTemplate": false,
    "count": 0,
    "updated": 1542380129
  },
  {
    "id": "aff543ef-4455-4778-8af1-cdde77d71773",
    "data": [
      {
        "text": "semi detach",
        "alias": "property_type",
        "meta": "@property_type",
        "userDefined": false
      }
    ],
    "isTemplate": false,
    "count": 0,
    "updated": 1542380129
  },
  {
    "id": "04abc637-8efe-45ba-8246-a47f1ef817db",
    "data": [
      {
        "text": "semi-detach",
        "alias": "property_type",
        "meta": "@property_type",
        "userDefined": false
      }
    ],
    "isTemplate": false,
    "count": 1,
    "updated": 1542380129
  },
  {
    "id": "858d4304-885b-48f9-ae49-f2179fbfa78a",
    "data": [
      {
        "text": "semi-d",
        "alias": "property_type",
        "meta": "@property_type",
        "userDefined": false
      }
    ],
    "isTemplate": false,
    "count": 0,
    "updated": 1542380129
  },
  {
    "id": "0e91723d-f52e-46a2-b8b4-723406b95ce9",
    "data": [
      {
        "text": "semi d",
        "alias": "property_type",
        "meta": "@property_type",
        "userDefined": false
      }
    ],
    "isTemplate": false,
    "count": 0,
    "updated": 1542380129
  },
  {
    "id": "33a32b17-eb64-4fd7-a6c6-13a29e409aa8",
    "data": [
      {
        "text": "conservation terrace",
        "alias": "property_type",
        "meta": "@property_type",
        "userDefined": false
      }
    ],
    "isTemplate": false,
    "count": 0,
    "updated": 1542380129
  },
  {
    "id": "95e10d8f-8c2e-4e4f-9618-6c250412b7c5",
    "data": [
      {
        "text": "terrace house",
        "alias": "property_type",
        "meta": "@property_type",
        "userDefined": false
      }
    ],
    "isTemplate": false,
    "count": 0,
    "updated": 1542380129
  },
  {
    "id": "15bf75ef-6671-4613-88a6-f5a62eb57dd1",
    "data": [
      {
        "text": "terrace",
        "alias": "property_type",
        "meta": "@property_type",
        "userDefined": false
      }
    ],
    "isTemplate": false,
    "count": 0,
    "updated": 1542380129
  },
  {
    "id": "45f39dae-ee02-4143-bf37-7df46d776179",
    "data": [
      {
        "text": "sohos",
        "alias": "property_type",
        "meta": "@property_type",
        "userDefined": false
      }
    ],
    "isTemplate": false,
    "count": 0,
    "updated": 1542380129
  },
  {
    "id": "a3cc81ac-1fb1-45e4-b1c1-3746430f875a",
    "data": [
      {
        "text": "lofts",
        "alias": "property_type",
        "meta": "@property_type",
        "userDefined": false
      }
    ],
    "isTemplate": false,
    "count": 0,
    "updated": 1542380129
  },
  {
    "id": "55005c11-343e-4b5f-8545-649c5c348f4b",
    "data": [
      {
        "text": "loft",
        "alias": "property_type",
        "meta": "@property_type",
        "userDefined": false
      }
    ],
    "isTemplate": false,
    "count": 0,
    "updated": 1542380129
  },
  {
    "id": "f57285fe-ca37-4478-86c8-474461a5530e",
    "data": [
      {
        "text": "soho",
        "alias": "property_type",
        "meta": "@property_type",
        "userDefined": false
      }
    ],
    "isTemplate": false,
    "count": 0,
    "updated": 1542380129
  },
  {
    "id": "9dfb3958-4064-46c5-87c1-7daa522563c6",
    "data": [
      {
        "text": "condominium",
        "alias": "property_type",
        "meta": "@property_type",
        "userDefined": false
      }
    ],
    "isTemplate": false,
    "count": 0,
    "updated": 1542380129
  },
  {
    "id": "803b9ab2-3a88-4333-8821-c0932714812a",
    "data": [
      {
        "text": "condo",
        "alias": "property_type",
        "meta": "@property_type",
        "userDefined": false
      }
    ],
    "isTemplate": false,
    "count": 0,
    "updated": 1542380129
  },
  {
    "id": "004525af-e886-4742-8655-3a69e04c590f",
    "data": [
      {
        "text": "apartment",
        "alias": "property_type",
        "meta": "@property_type",
        "userDefined": false
      }
    ],
    "isTemplate": false,
    "count": 0,
    "updated": 1542380129
  }
]