[
  {
    "id": "89f50e9f-cfbb-4c1f-8777-dfe18244e3ba",
    "data": [
      {
        "text": "center",
        "alias": "property_region",
        "meta": "@property_region",
        "userDefined": true
      },
      {
        "text": " lor",
        "userDefined": false
      }
    ],
    "isTemplate": false,
    "count": 0,
    "updated": 1542816346
  },
  {
    "id": "470b5cab-f5ff-495d-be1a-4c0043c99e94",
    "data": [
      {
        "text": "how about ",
        "userDefined": false
      },
      {
        "text": "north",
        "alias": "property_region",
        "meta": "@property_region",
        "userDefined": false
      }
    ],
    "isTemplate": false,
    "count": 0,
    "updated": 1542816346
  },
  {
    "id": "702bc681-137e-4f1a-acb5-b58886abe8a9",
    "data": [
      {
        "text": "do you have any in the ",
        "userDefined": false
      },
      {
        "text": "east",
        "alias": "property_region",
        "meta": "@property_region",
        "userDefined": false
      }
    ],
    "isTemplate": false,
    "count": 0,
    "updated": 1542816346
  },
  {
    "id": "3a5a7e15-5f62-4d94-878d-6344d8f2580d",
    "data": [
      {
        "text": "I\u0027m more interested in the ",
        "userDefined": false
      },
      {
        "text": "west",
        "alias": "property_region",
        "meta": "@property_region",
        "userDefined": false
      }
    ],
    "isTemplate": false,
    "count": 0,
    "updated": 1542816346
  },
  {
    "id": "4013f6a7-44b7-4612-830c-09534dd3af01",
    "data": [
      {
        "text": "i\u0027ll consider ",
        "userDefined": false
      },
      {
        "text": "south",
        "alias": "property_region",
        "meta": "@property_region",
        "userDefined": false
      }
    ],
    "isTemplate": false,
    "count": 0,
    "updated": 1542816346
  },
  {
    "id": "c97e828a-b57a-44ea-b73f-9632a1355610",
    "data": [
      {
        "text": "north-east",
        "alias": "property_region",
        "meta": "@property_region",
        "userDefined": false
      },
      {
        "text": " will do",
        "userDefined": false
      }
    ],
    "isTemplate": false,
    "count": 0,
    "updated": 1542816346
  },
  {
    "id": "c7a750e5-ddd5-4a1f-b814-ce50090a4092",
    "data": [
      {
        "text": "central",
        "alias": "property_region",
        "meta": "@property_region",
        "userDefined": true
      }
    ],
    "isTemplate": false,
    "count": 0,
    "updated": 1542816346
  },
  {
    "id": "ae1be3c6-1ffd-4ca7-85ca-20b59e871bae",
    "data": [
      {
        "text": "northern",
        "alias": "property_region",
        "meta": "@property_region",
        "userDefined": false
      }
    ],
    "isTemplate": false,
    "count": 0,
    "updated": 1542816346
  },
  {
    "id": "583d2f91-a0a6-4e24-9ef3-e693154dce67",
    "data": [
      {
        "text": "north",
        "alias": "property_region",
        "meta": "@property_region",
        "userDefined": false
      },
      {
        "text": " la",
        "userDefined": false
      }
    ],
    "isTemplate": false,
    "count": 0,
    "updated": 1542816346
  }
]