[
  {
    "id": "1b5180a1-d63b-4992-a1cd-f4825f493b8e",
    "data": [
      {
        "text": "for sale",
        "alias": "prop_transaction_type",
        "meta": "@prop_transaction_type",
        "userDefined": false
      }
    ],
    "isTemplate": false,
    "count": 0,
    "updated": 1542366318
  },
  {
    "id": "e82c63fe-75b4-4b68-a6b7-1e6a5259af3c",
    "data": [
      {
        "text": "buy",
        "alias": "prop_transaction_type",
        "meta": "@prop_transaction_type",
        "userDefined": false
      },
      {
        "text": " la",
        "userDefined": false
      }
    ],
    "isTemplate": false,
    "count": 0,
    "updated": 1542366318
  },
  {
    "id": "4a820830-0a7c-4b28-8120-14b5cb5cb332",
    "data": [
      {
        "text": "buy",
        "alias": "prop_transaction_type",
        "meta": "@prop_transaction_type",
        "userDefined": false
      },
      {
        "text": " lor",
        "userDefined": false
      }
    ],
    "isTemplate": false,
    "count": 1,
    "updated": 1542366318
  },
  {
    "id": "75bc5413-abce-4f71-ba0b-08ead7afbe68",
    "data": [
      {
        "text": "purchase",
        "alias": "prop_transaction_type",
        "meta": "@prop_transaction_type",
        "userDefined": false
      }
    ],
    "isTemplate": false,
    "count": 0,
    "updated": 1542366318
  },
  {
    "id": "3fd397c9-e4cb-48a3-8b31-dcbef2fae1f8",
    "data": [
      {
        "text": "buy",
        "alias": "prop_transaction_type",
        "meta": "@prop_transaction_type",
        "userDefined": false
      }
    ],
    "isTemplate": false,
    "count": 0,
    "updated": 1542366318
  }
]