[
  {
    "id": "bd338b9a-f863-4544-bbba-04fa0165ccf5",
    "data": [
      {
        "text": "show me an image of a cat",
        "userDefined": false
      }
    ],
    "isTemplate": false,
    "count": 0,
    "updated": 1541815746
  },
  {
    "id": "9d42ef22-754c-49bd-930f-5621477770f0",
    "data": [
      {
        "text": "may I have a cat photo",
        "userDefined": false
      }
    ],
    "isTemplate": false,
    "count": 0,
    "updated": 1541824584
  },
  {
    "id": "6e2d77ed-f9bd-475b-8868-a943a910e6ca",
    "data": [
      {
        "text": "can I get an image of cat",
        "userDefined": false
      }
    ],
    "isTemplate": false,
    "count": 0,
    "updated": 1541824584
  },
  {
    "id": "dc16e443-58b1-4a76-8c25-d785ab43fe36",
    "data": [
      {
        "text": "show me a cat image",
        "userDefined": false
      }
    ],
    "isTemplate": false,
    "count": 0,
    "updated": 1541824584
  },
  {
    "id": "0979bf28-6afd-4b9c-8a97-57cc31837f4b",
    "data": [
      {
        "text": "give me a photo of cat",
        "userDefined": false
      }
    ],
    "isTemplate": false,
    "count": 0,
    "updated": 1541815746
  },
  {
    "id": "d90e26c7-4b6c-4a45-85b0-43b67e480fd3",
    "data": [
      {
        "text": "give me an image of a cat",
        "userDefined": false
      }
    ],
    "isTemplate": false,
    "count": 0,
    "updated": 1541815746
  },
  {
    "id": "3b581817-5600-44db-b291-31cdb414bbda",
    "data": [
      {
        "text": "give me a cat photo",
        "userDefined": false
      }
    ],
    "isTemplate": false,
    "count": 0,
    "updated": 1541815746
  }
]