[
  {
    "id": "0fe4330a-b8e3-464b-ad01-177040a60358",
    "data": [
      {
        "text": "Do you have job openings",
        "userDefined": false
      }
    ],
    "isTemplate": false,
    "count": 0,
    "updated": 1540895358
  },
  {
    "id": "f35426e8-47fa-4c01-9893-bdcb38e2298d",
    "data": [
      {
        "text": "Do you have any jobs",
        "userDefined": false
      }
    ],
    "isTemplate": false,
    "count": 0,
    "updated": 1540895358
  },
  {
    "id": "d737a536-3b5b-4f69-af97-33757e0ef497",
    "data": [
      {
        "text": "I\u0027 looking for a join in retail",
        "userDefined": false
      }
    ],
    "isTemplate": false,
    "count": 0,
    "updated": 1540895358
  },
  {
    "id": "f96e33e3-d79b-4f30-a127-00145c83ad54",
    "data": [
      {
        "text": "I\u0027m looking for job",
        "userDefined": false
      }
    ],
    "isTemplate": false,
    "count": 0,
    "updated": 1540895358
  }
]