[
  {
    "id": "de46e118-7cd8-40d7-a3a3-3b67319fd2ad",
    "data": [
      {
        "text": "town-house",
        "alias": "property_type",
        "meta": "@property_type",
        "userDefined": true
      }
    ],
    "isTemplate": false,
    "count": 0,
    "updated": 1542349685
  },
  {
    "id": "36d7db99-b8e7-4673-9991-33b8f5d89302",
    "data": [
      {
        "text": "town houses",
        "alias": "property_type",
        "meta": "@property_type",
        "userDefined": true
      }
    ],
    "isTemplate": false,
    "count": 0,
    "updated": 1542349685
  },
  {
    "id": "b4281b6e-a917-4be9-b953-718b35a4be2d",
    "data": [
      {
        "text": "townhouse",
        "alias": "property_type",
        "meta": "@property_type",
        "userDefined": false
      }
    ],
    "isTemplate": false,
    "count": 0,
    "updated": 1542349685
  },
  {
    "id": "af7f00be-93a5-4ea7-a009-757f1163ed4a",
    "data": [
      {
        "text": "semi-d",
        "alias": "property_type",
        "meta": "@property_type",
        "userDefined": false
      }
    ],
    "isTemplate": false,
    "count": 0,
    "updated": 1542349685
  },
  {
    "id": "c6f05db3-b2ed-4b95-a043-d0d2e532ea1a",
    "data": [
      {
        "text": "terrace house",
        "alias": "property_type",
        "meta": "@property_type",
        "userDefined": false
      }
    ],
    "isTemplate": false,
    "count": 0,
    "updated": 1542349685
  },
  {
    "id": "f3cc4b21-a207-4dc3-9f62-a9774540a2ad",
    "data": [
      {
        "text": "terrace",
        "alias": "property_type",
        "meta": "@property_type",
        "userDefined": false
      }
    ],
    "isTemplate": false,
    "count": 0,
    "updated": 1542349685
  },
  {
    "id": "6023beed-5141-4395-8380-29369521e745",
    "data": [
      {
        "text": "bungalow",
        "alias": "property_type",
        "meta": "@property_type",
        "userDefined": false
      }
    ],
    "isTemplate": false,
    "count": 0,
    "updated": 1542349685
  },
  {
    "id": "3f674e67-2e8a-4081-a941-bd2b216694df",
    "data": [
      {
        "text": "Condominium",
        "alias": "property_type",
        "meta": "@property_type",
        "userDefined": false
      }
    ],
    "isTemplate": false,
    "count": 0,
    "updated": 1542349685
  },
  {
    "id": "0705da83-c4d5-458f-87b5-331a709f1cd2",
    "data": [
      {
        "text": "condo",
        "alias": "property_type",
        "meta": "@property_type",
        "userDefined": false
      }
    ],
    "isTemplate": false,
    "count": 0,
    "updated": 1542349685
  },
  {
    "id": "5275675e-ccfa-4877-9cc5-797a186ae024",
    "data": [
      {
        "text": "apartment",
        "alias": "property_type",
        "meta": "@property_type",
        "userDefined": false
      }
    ],
    "isTemplate": false,
    "count": 0,
    "updated": 1542349685
  },
  {
    "id": "8381d450-2de9-43fb-95ec-d44bf11a23c7",
    "data": [
      {
        "text": "soho",
        "alias": "property_type",
        "meta": "@property_type",
        "userDefined": false
      }
    ],
    "isTemplate": false,
    "count": 0,
    "updated": 1542349685
  },
  {
    "id": "3535076f-bff7-4ca5-9c25-b332de44fb1a",
    "data": [
      {
        "text": "lofts",
        "alias": "property_type",
        "meta": "@property_type",
        "userDefined": false
      }
    ],
    "isTemplate": false,
    "count": 0,
    "updated": 1542349685
  },
  {
    "id": "631b20cd-4161-4b42-8590-020a44a12150",
    "data": [
      {
        "text": "loft",
        "alias": "property_type",
        "meta": "@property_type",
        "userDefined": false
      }
    ],
    "isTemplate": false,
    "count": 0,
    "updated": 1542349685
  }
]