[
  {
    "id": "41ed067a-3f6b-4c39-826a-8943e29fb701",
    "data": [
      {
        "text": "I like to get a pizza",
        "userDefined": false
      }
    ],
    "isTemplate": false,
    "count": 0,
    "updated": 1540900227
  },
  {
    "id": "0356db70-6043-4f2d-bd6d-46b776a26bfa",
    "data": [
      {
        "text": "I want to order a pizza",
        "userDefined": false
      }
    ],
    "isTemplate": false,
    "count": 0,
    "updated": 1540900227
  },
  {
    "id": "fc3ad343-29dc-4e5c-901b-1e74bb1d2336",
    "data": [
      {
        "text": "I\u0027m interested in getting a pizza",
        "userDefined": false
      }
    ],
    "isTemplate": false,
    "count": 0,
    "updated": 1540900227
  },
  {
    "id": "0d0f31b4-cd5a-4862-8b44-783f02a26444",
    "data": [
      {
        "text": "Im hungry",
        "userDefined": false
      }
    ],
    "isTemplate": false,
    "count": 0,
    "updated": 1540900227
  },
  {
    "id": "45d103d6-7049-40c1-be1e-82aac871492e",
    "data": [
      {
        "text": "Can I buy a pizza",
        "userDefined": false
      }
    ],
    "isTemplate": false,
    "count": 0,
    "updated": 1540900227
  }
]