[
  {
    "id": "c25906e9-73a6-4a50-999e-7c159b9368a1",
    "data": [
      {
        "text": "cheesy",
        "userDefined": false
      }
    ],
    "isTemplate": false,
    "count": 0,
    "updated": 0
  },
  {
    "id": "95d61182-07eb-4690-8de9-10a5235ab26c",
    "data": [
      {
        "text": "cheese",
        "alias": "pizza-crust",
        "meta": "@pizza-crust",
        "userDefined": false
      }
    ],
    "isTemplate": false,
    "count": 0,
    "updated": 0
  },
  {
    "id": "37e69382-56fb-4662-a525-698e33e2d664",
    "data": [
      {
        "text": "Cheese",
        "alias": "pizza-crust",
        "meta": "@pizza-crust",
        "userDefined": false
      }
    ],
    "isTemplate": false,
    "count": 0,
    "updated": 0
  },
  {
    "id": "02c521d5-7c60-41b8-9be3-3b185b5593ee",
    "data": [
      {
        "text": "I want ",
        "userDefined": false
      },
      {
        "text": "hawaiian",
        "alias": "pizza-type",
        "meta": "@pizza-type",
        "userDefined": false
      }
    ],
    "isTemplate": false,
    "count": 0,
    "updated": 1540901013
  },
  {
    "id": "83963881-5f05-49c3-8431-6f30e2738369",
    "data": [
      {
        "text": "I want to order ",
        "userDefined": false
      },
      {
        "text": "pepperoni",
        "alias": "pizza-type",
        "meta": "@pizza-type",
        "userDefined": false
      }
    ],
    "isTemplate": false,
    "count": 0,
    "updated": 1540901013
  },
  {
    "id": "71f61d76-e154-4084-b716-34282b83c1f9",
    "data": [
      {
        "text": "pepperoni",
        "alias": "pizza-type",
        "meta": "@pizza-type",
        "userDefined": false
      },
      {
        "text": " please",
        "userDefined": false
      }
    ],
    "isTemplate": false,
    "count": 0,
    "updated": 1540901013
  },
  {
    "id": "d516bc00-5f8f-420b-9376-0371bc2ad122",
    "data": [
      {
        "text": "May I have ",
        "userDefined": false
      },
      {
        "text": "bbq",
        "alias": "pizza-type",
        "meta": "@pizza-type",
        "userDefined": false
      }
    ],
    "isTemplate": false,
    "count": 0,
    "updated": 1540901013
  },
  {
    "id": "a3d0c942-07f6-4f42-9d1c-68418124c4cb",
    "data": [
      {
        "text": "I want ",
        "userDefined": false
      },
      {
        "text": "cheese",
        "alias": "pizza-crust",
        "meta": "@pizza-crust",
        "userDefined": false
      }
    ],
    "isTemplate": false,
    "count": 0,
    "updated": 1540901013
  }
]