[
  {
    "id": "49c80762-305a-40a3-b980-aed8606a3376",
    "data": [
      {
        "text": "what service?",
        "userDefined": false
      }
    ],
    "isTemplate": false,
    "count": 0,
    "updated": 0
  },
  {
    "id": "d4a3538f-d5d8-4cc1-a675-1f3ee201bd65",
    "data": [
      {
        "text": "I want ",
        "userDefined": false
      },
      {
        "text": "personal",
        "alias": "pizza-size",
        "meta": "@pizza-size",
        "userDefined": false
      }
    ],
    "isTemplate": false,
    "count": 0,
    "updated": 1540900729
  },
  {
    "id": "16d5da91-c6a0-4404-afc3-391bfb9454ed",
    "data": [
      {
        "text": "I would like a ",
        "userDefined": false
      },
      {
        "text": "personal",
        "alias": "pizza-size",
        "meta": "@pizza-size",
        "userDefined": false
      },
      {
        "text": " ",
        "userDefined": false
      },
      {
        "text": "one",
        "meta": "@sys.ignore",
        "userDefined": false
      }
    ],
    "isTemplate": false,
    "count": 0,
    "updated": 1540900729
  },
  {
    "id": "b85a69a9-7dc5-476d-bf56-6f53fa46933f",
    "data": [
      {
        "text": "I want the size to be ",
        "userDefined": false
      },
      {
        "text": "large",
        "alias": "pizza-size",
        "meta": "@pizza-size",
        "userDefined": false
      }
    ],
    "isTemplate": false,
    "count": 0,
    "updated": 1540900729
  },
  {
    "id": "347ec5f3-e199-46c6-9b7b-d0da4f5fb117",
    "data": [
      {
        "text": "I want an ",
        "userDefined": false
      },
      {
        "text": "extra big",
        "alias": "pizza-size",
        "meta": "@pizza-size",
        "userDefined": false
      },
      {
        "text": " one",
        "userDefined": false
      }
    ],
    "isTemplate": false,
    "count": 0,
    "updated": 1540900729
  },
  {
    "id": "f549bfc6-a2e3-4be0-abf9-c6e213f1e404",
    "data": [
      {
        "text": "Can I have ",
        "userDefined": false
      },
      {
        "text": "extra large",
        "alias": "pizza-size",
        "meta": "@pizza-size",
        "userDefined": false
      }
    ],
    "isTemplate": false,
    "count": 0,
    "updated": 1540900729
  },
  {
    "id": "5feff78a-808b-4fbe-b8ef-a8adf8db0cd7",
    "data": [
      {
        "text": "Regular",
        "alias": "pizza-size",
        "meta": "@pizza-size",
        "userDefined": false
      },
      {
        "text": " please",
        "userDefined": false
      }
    ],
    "isTemplate": false,
    "count": 0,
    "updated": 1540900729
  },
  {
    "id": "c0b40561-276f-418b-b123-1ec9fe5999d8",
    "data": [
      {
        "text": "regular",
        "alias": "pizza-size",
        "meta": "@pizza-size",
        "userDefined": false
      }
    ],
    "isTemplate": false,
    "count": 0,
    "updated": 1540900729
  },
  {
    "id": "94aadb09-c5f3-4360-ae5a-ca53b3a8d775",
    "data": [
      {
        "text": "Give me ",
        "userDefined": false
      },
      {
        "text": "regular",
        "alias": "pizza-size",
        "meta": "@pizza-size",
        "userDefined": false
      }
    ],
    "isTemplate": false,
    "count": 0,
    "updated": 1540900729
  }
]