[
  {
    "id": "dff00338-1a90-4598-be0b-b85110e883a6",
    "data": [
      {
        "text": "Good evening to you too.",
        "userDefined": false
      }
    ],
    "isTemplate": false,
    "count": 0,
    "updated": 1541901656
  },
  {
    "id": "2f9b4d13-2f7b-4598-934d-fe8e33f1c3ff",
    "data": [
      {
        "text": "hello ",
        "userDefined": false
      },
      {
        "text": "good",
        "meta": "@sys.ignore",
        "userDefined": true
      },
      {
        "text": " ",
        "userDefined": false
      },
      {
        "text": "evening",
        "meta": "@sys.ignore",
        "userDefined": true
      }
    ],
    "isTemplate": false,
    "count": 0,
    "updated": 1541901656
  },
  {
    "id": "fa3e283a-3f21-412a-b262-3f118d93242f",
    "data": [
      {
        "text": "evening",
        "meta": "@sys.ignore",
        "userDefined": true
      }
    ],
    "isTemplate": false,
    "count": 0,
    "updated": 0
  },
  {
    "id": "af09dff2-db1c-441b-8ae5-0ad7ea5adea9",
    "data": [
      {
        "text": "hey ",
        "userDefined": false
      },
      {
        "text": "good",
        "meta": "@sys.ignore",
        "userDefined": true
      },
      {
        "text": " ",
        "userDefined": false
      },
      {
        "text": "evening",
        "meta": "@sys.ignore",
        "userDefined": true
      }
    ],
    "isTemplate": false,
    "count": 0,
    "updated": 1541901656
  },
  {
    "id": "00a6c8bf-ce30-4469-81b9-8a8653dd970d",
    "data": [
      {
        "text": "good",
        "meta": "@sys.ignore",
        "userDefined": true
      },
      {
        "text": " ",
        "userDefined": false
      },
      {
        "text": "evening",
        "meta": "@sys.ignore",
        "userDefined": true
      },
      {
        "text": " to you",
        "userDefined": false
      }
    ],
    "isTemplate": false,
    "count": 0,
    "updated": 1541901656
  },
  {
    "id": "55d6f123-c6dc-4122-abcb-e8949e52c2de",
    "data": [
      {
        "text": "good",
        "meta": "@sys.ignore",
        "userDefined": true
      },
      {
        "text": " ",
        "userDefined": false
      },
      {
        "text": "evening",
        "meta": "@sys.ignore",
        "userDefined": true
      }
    ],
    "isTemplate": false,
    "count": 0,
    "updated": 1541901656
  },
  {
    "id": "9b3df76e-b9bc-44c1-a999-c15d8c222a82",
    "data": [
      {
        "text": "good",
        "meta": "@sys.ignore",
        "userDefined": false
      },
      {
        "text": " ",
        "userDefined": false
      },
      {
        "text": "evening",
        "meta": "@sys.ignore",
        "userDefined": false
      },
      {
        "text": " there",
        "userDefined": false
      }
    ],
    "isTemplate": false,
    "count": 0,
    "updated": 0
  }
]