[
  {
    "id": "17aeacf3-71ad-4150-927e-964ee0818e4c",
    "data": [
      {
        "text": "let us talk",
        "userDefined": false
      }
    ],
    "isTemplate": false,
    "count": 0,
    "updated": 1518110353
  },
  {
    "id": "f93d96fb-45c3-48ed-9ab4-aeda859450f8",
    "data": [
      {
        "text": "can we chat",
        "userDefined": false
      }
    ],
    "isTemplate": false,
    "count": 0,
    "updated": 1518110353
  },
  {
    "id": "29cf2143-a61b-416d-ae42-ec781e81622f",
    "data": [
      {
        "text": "can I start speaking",
        "userDefined": false
      }
    ],
    "isTemplate": false,
    "count": 0,
    "updated": 0
  },
  {
    "id": "b3abef12-3e2c-4cb8-992b-499913786592",
    "data": [
      {
        "text": "can we talk",
        "userDefined": false
      }
    ],
    "isTemplate": false,
    "count": 0,
    "updated": 1518110353
  },
  {
    "id": "c684c1cf-50c9-4afb-867c-cf28768dc645",
    "data": [
      {
        "text": "let\u0027s have a discussion",
        "userDefined": false
      }
    ],
    "isTemplate": false,
    "count": 0,
    "updated": 1518110353
  },
  {
    "id": "193706c5-37d1-4980-b071-6bffebfdfe4e",
    "data": [
      {
        "text": "I just want to talk",
        "userDefined": false
      }
    ],
    "isTemplate": false,
    "count": 0,
    "updated": 0
  },
  {
    "id": "4875258e-bbe7-4f91-ad49-d979276cd6ad",
    "data": [
      {
        "text": "can I speak",
        "userDefined": false
      }
    ],
    "isTemplate": false,
    "count": 0,
    "updated": 1518110353
  },
  {
    "id": "da01e52c-857b-4de9-bbd2-a701a7d49287",
    "data": [
      {
        "text": "I want to speak with you",
        "userDefined": false
      }
    ],
    "isTemplate": false,
    "count": 0,
    "updated": 1518110353
  },
  {
    "id": "dec75560-2dec-474f-ac76-26fc2ec8c5c6",
    "data": [
      {
        "text": "I want to talk to you",
        "userDefined": false
      }
    ],
    "isTemplate": false,
    "count": 0,
    "updated": 1518110353
  },
  {
    "id": "e52579e1-fdda-4f61-83cd-c76a64a93c9e",
    "data": [
      {
        "text": "I need to talk to you",
        "userDefined": false
      }
    ],
    "isTemplate": false,
    "count": 0,
    "updated": 1518110353
  },
  {
    "id": "70cffaa4-cbb0-4eb2-abf6-304d78bab9b6",
    "data": [
      {
        "text": "let\u0027s discuss something",
        "userDefined": false
      }
    ],
    "isTemplate": false,
    "count": 1,
    "updated": 1518110353
  },
  {
    "id": "c4f4b047-b481-4d96-b20f-75f35c98fdf3",
    "data": [
      {
        "text": "let\u0027s talk",
        "userDefined": false
      }
    ],
    "isTemplate": false,
    "count": 0,
    "updated": 1518110353
  }
]