[
  {
    "id": "1b8c9705-0c20-4998-9484-0ed8bc9b12f1",
    "data": [
      {
        "text": "I am here",
        "userDefined": false
      }
    ],
    "isTemplate": false,
    "count": 0,
    "updated": 0
  },
  {
    "id": "43f76df5-cbff-413d-9d23-fae84dd41b99",
    "data": [
      {
        "text": "I\u0027m already here",
        "userDefined": false
      }
    ],
    "isTemplate": false,
    "count": 0,
    "updated": 0
  },
  {
    "id": "ad93ce76-5c10-43b4-bd74-c34c72116327",
    "data": [
      {
        "text": "I\u0027m right here",
        "userDefined": false
      }
    ],
    "isTemplate": false,
    "count": 0,
    "updated": 0
  },
  {
    "id": "63d4b158-29eb-47be-a077-e1c814f1b634",
    "data": [
      {
        "text": "here I am",
        "userDefined": false
      }
    ],
    "isTemplate": false,
    "count": 0,
    "updated": 0
  },
  {
    "id": "84458d83-18ed-4280-9c57-308469169469",
    "data": [
      {
        "text": "can you tell if I\u0027m here or not",
        "userDefined": false
      }
    ],
    "isTemplate": false,
    "count": 0,
    "updated": 0
  }
]