[
  {
    "id": "421e360a-63a9-45b1-9677-ebbc4c00391c",
    "data": [
      {
        "text": "it",
        "meta": "@sys.ignore",
        "userDefined": true
      },
      {
        "text": "\u0027s good",
        "userDefined": false
      }
    ],
    "isTemplate": false,
    "count": 3,
    "updated": 1529427967
  },
  {
    "id": "167cde08-cf2a-4e4a-bf0a-6a7f9190afea",
    "data": [
      {
        "text": "I\u0027m",
        "meta": "@sys.ignore",
        "userDefined": true
      },
      {
        "text": " glad to hear that",
        "userDefined": false
      }
    ],
    "isTemplate": false,
    "count": 1,
    "updated": 1529427967
  },
  {
    "id": "44503110-939e-4222-a670-dffb3c7cb5bc",
    "data": [
      {
        "text": "not too ",
        "userDefined": false
      },
      {
        "text": "bad",
        "meta": "@sys.ignore",
        "userDefined": true
      }
    ],
    "isTemplate": false,
    "count": 2,
    "updated": 1529427967
  },
  {
    "id": "43a5dd0f-31c3-4945-8120-fbc26bda8a31",
    "data": [
      {
        "text": "great",
        "meta": "@sys.ignore",
        "userDefined": true
      }
    ],
    "isTemplate": false,
    "count": 2,
    "updated": 1529427967
  },
  {
    "id": "f8c27fe8-b499-4d56-ad4f-0a5397b167f2",
    "data": [
      {
        "text": "really ",
        "userDefined": false
      },
      {
        "text": "well",
        "meta": "@sys.ignore",
        "userDefined": true
      }
    ],
    "isTemplate": false,
    "count": 1,
    "updated": 1529427967
  },
  {
    "id": "a26bf1b3-d9f2-4a16-bee4-d5b1f1ec4b9a",
    "data": [
      {
        "text": "this is ",
        "userDefined": false
      },
      {
        "text": "great",
        "meta": "@sys.ignore",
        "userDefined": true
      }
    ],
    "isTemplate": false,
    "count": 1,
    "updated": 1529427967
  },
  {
    "id": "dfaab195-c2d5-4a6e-9cdd-88dc2db34014",
    "data": [
      {
        "text": "that\u0027s cute",
        "userDefined": false
      }
    ],
    "isTemplate": false,
    "count": 1,
    "updated": 1529427967
  },
  {
    "id": "dd074dd0-9e83-4f01-8ec6-454a9aa6db59",
    "data": [
      {
        "text": "cool",
        "meta": "@sys.ignore",
        "userDefined": false
      }
    ],
    "isTemplate": false,
    "count": 1,
    "updated": 1529427967
  },
  {
    "id": "1af0d3dd-98ed-42a8-b022-81d93fe6983d",
    "data": [
      {
        "text": "that\u0027s wonderful",
        "userDefined": false
      }
    ],
    "isTemplate": false,
    "count": 1,
    "updated": 1529427967
  },
  {
    "id": "1a8bd389-bde0-47bb-b7f4-2adc391591d0",
    "data": [
      {
        "text": "that\u0027s perfect",
        "userDefined": false
      }
    ],
    "isTemplate": false,
    "count": 1,
    "updated": 1529427967
  },
  {
    "id": "f147d421-708e-4174-adde-b75062039e1c",
    "data": [
      {
        "text": "sweet",
        "userDefined": false
      }
    ],
    "isTemplate": false,
    "count": 2,
    "updated": 1529427967
  },
  {
    "id": "ff046f52-569b-4173-bb60-10d8ec3083b3",
    "data": [
      {
        "text": "it",
        "meta": "@sys.ignore",
        "userDefined": true
      },
      {
        "text": " was ",
        "userDefined": false
      },
      {
        "text": "good",
        "meta": "@sys.ignore",
        "userDefined": true
      }
    ],
    "isTemplate": false,
    "count": 1,
    "updated": 1529427967
  },
  {
    "id": "1f41ee09-5ad1-4d28-91da-6916a010d8ef",
    "data": [
      {
        "text": "fine",
        "meta": "@sys.ignore",
        "userDefined": true
      }
    ],
    "isTemplate": false,
    "count": 1,
    "updated": 1529427967
  },
  {
    "id": "2324e13e-9c97-4b7c-a70c-530eab7c5a7d",
    "data": [
      {
        "text": "that\u0027s a ",
        "userDefined": false
      },
      {
        "text": "good",
        "meta": "@sys.ignore",
        "userDefined": true
      },
      {
        "text": " thing",
        "userDefined": false
      }
    ],
    "isTemplate": false,
    "count": 1,
    "updated": 1529427967
  },
  {
    "id": "1350bd7a-6b04-4e56-8e7c-837c142c2c04",
    "data": [
      {
        "text": "that\u0027s ",
        "userDefined": false
      },
      {
        "text": "nice",
        "meta": "@sys.ignore",
        "userDefined": true
      },
      {
        "text": " ",
        "userDefined": false
      },
      {
        "text": "of",
        "meta": "@sys.ignore",
        "userDefined": true
      },
      {
        "text": " you",
        "userDefined": false
      }
    ],
    "isTemplate": false,
    "count": 1,
    "updated": 1529427967
  },
  {
    "id": "1227b55c-d232-4660-b95e-87c383fb91ec",
    "data": [
      {
        "text": "good",
        "meta": "@sys.ignore",
        "userDefined": true
      }
    ],
    "isTemplate": false,
    "count": 2,
    "updated": 1529427967
  },
  {
    "id": "874affc5-4d65-4f62-a8dd-ee56aec68a06",
    "data": [
      {
        "text": "good",
        "meta": "@sys.ignore",
        "userDefined": true
      },
      {
        "text": " to know",
        "userDefined": false
      }
    ],
    "isTemplate": false,
    "count": 1,
    "updated": 1529427967
  },
  {
    "id": "8a49e26f-5f21-4ff3-a64a-feadaf6a71f5",
    "data": [
      {
        "text": "that\u0027s awesome",
        "userDefined": false
      }
    ],
    "isTemplate": false,
    "count": 1,
    "updated": 1529427967
  },
  {
    "id": "b0e14c4c-90ab-46cf-884b-a139f04ad1ef",
    "data": [
      {
        "text": "that was pretty ",
        "userDefined": false
      },
      {
        "text": "good",
        "meta": "@sys.ignore",
        "userDefined": true
      }
    ],
    "isTemplate": false,
    "count": 1,
    "updated": 1529427967
  },
  {
    "id": "78d05f6d-2d76-43e6-a21a-f5ab08cfda87",
    "data": [
      {
        "text": "that\u0027s ",
        "userDefined": false
      },
      {
        "text": "fine",
        "meta": "@sys.ignore",
        "userDefined": true
      }
    ],
    "isTemplate": false,
    "count": 1,
    "updated": 1529427967
  },
  {
    "id": "52479133-1bf7-429c-84d1-13a718edfaab",
    "data": [
      {
        "text": "straight",
        "userDefined": false
      }
    ],
    "isTemplate": false,
    "count": 1,
    "updated": 1529427967
  },
  {
    "id": "c1c0019d-944a-448c-9cf8-1e7451645cb5",
    "data": [
      {
        "text": "that\u0027s amazing",
        "userDefined": false
      }
    ],
    "isTemplate": false,
    "count": 1,
    "updated": 1529427967
  },
  {
    "id": "60a48a7a-55bf-44d7-9022-d50655d08f51",
    "data": [
      {
        "text": "that\u0027s much better",
        "userDefined": false
      }
    ],
    "isTemplate": false,
    "count": 1,
    "updated": 1529427967
  },
  {
    "id": "c1ea8f94-1dba-42d7-a503-7c697f75e017",
    "data": [
      {
        "text": "wonderful",
        "userDefined": false
      }
    ],
    "isTemplate": false,
    "count": 1,
    "updated": 1529427967
  },
  {
    "id": "ca7407d4-2024-43bd-b0b2-7c2e298b5b47",
    "data": [
      {
        "text": "that\u0027s pretty ",
        "userDefined": false
      },
      {
        "text": "good",
        "meta": "@sys.ignore",
        "userDefined": true
      }
    ],
    "isTemplate": false,
    "count": 1,
    "updated": 1529427967
  },
  {
    "id": "822b0030-c60b-4556-9e9e-83bb49c2ff70",
    "data": [
      {
        "text": "fantastic",
        "userDefined": false
      }
    ],
    "isTemplate": false,
    "count": 1,
    "updated": 1529427967
  },
  {
    "id": "de05112e-2cf3-46e8-b7f3-6ca25f8fa364",
    "data": [
      {
        "text": "that\u0027s awesome ",
        "userDefined": false
      },
      {
        "text": "thank you",
        "meta": "@sys.ignore",
        "userDefined": true
      }
    ],
    "isTemplate": false,
    "count": 1,
    "updated": 1529427967
  },
  {
    "id": "312accbf-6afa-42d2-bb36-326df0815e16",
    "data": [
      {
        "text": "that\u0027s great",
        "userDefined": false
      }
    ],
    "isTemplate": false,
    "count": 1,
    "updated": 1529427967
  },
  {
    "id": "8b1f1cbf-88fa-4f8d-a83a-297c6f843dad",
    "data": [
      {
        "text": "okay good",
        "userDefined": false
      }
    ],
    "isTemplate": false,
    "count": 1,
    "updated": 1529427967
  },
  {
    "id": "54033e81-097d-4a20-8702-2f9747510bec",
    "data": [
      {
        "text": "that is wonderful",
        "userDefined": false
      }
    ],
    "isTemplate": false,
    "count": 1,
    "updated": 1529427967
  },
  {
    "id": "3321f923-987a-4f60-9dae-b152fd12bfc0",
    "data": [
      {
        "text": "terrific",
        "userDefined": false
      }
    ],
    "isTemplate": false,
    "count": 2,
    "updated": 1529427967
  },
  {
    "id": "6db18298-8c19-4b39-a468-d92eed4e1070",
    "data": [
      {
        "text": "very ",
        "userDefined": false
      },
      {
        "text": "well",
        "meta": "@sys.ignore",
        "userDefined": true
      }
    ],
    "isTemplate": false,
    "count": 1,
    "updated": 1529427967
  },
  {
    "id": "fc12fe7c-f03a-4b00-b57f-410810a0cebc",
    "data": [
      {
        "text": "ok ",
        "userDefined": false
      },
      {
        "text": "good",
        "meta": "@sys.ignore",
        "userDefined": true
      }
    ],
    "isTemplate": false,
    "count": 1,
    "updated": 1529427967
  },
  {
    "id": "e47b21a1-0c97-46be-adaa-417c94a7c1c2",
    "data": [
      {
        "text": "it\u0027s very good",
        "userDefined": false
      }
    ],
    "isTemplate": false,
    "count": 1,
    "updated": 1529427967
  },
  {
    "id": "5ff7b2b8-f736-4503-8208-c3b488961948",
    "data": [
      {
        "text": "that\u0027s very ",
        "userDefined": false
      },
      {
        "text": "good",
        "meta": "@sys.ignore",
        "userDefined": true
      }
    ],
    "isTemplate": false,
    "count": 3,
    "updated": 1529427967
  },
  {
    "id": "75254d48-1247-4e92-bd13-47e1b8308858",
    "data": [
      {
        "text": "that was awesome",
        "userDefined": false
      }
    ],
    "isTemplate": false,
    "count": 1,
    "updated": 1529427967
  },
  {
    "id": "8d2ba03f-5057-44eb-8626-1894d31d09d8",
    "data": [
      {
        "text": "so sweet ",
        "userDefined": false
      },
      {
        "text": "of",
        "meta": "@sys.ignore",
        "userDefined": true
      },
      {
        "text": " you",
        "userDefined": false
      }
    ],
    "isTemplate": false,
    "count": 1,
    "updated": 1529427967
  },
  {
    "id": "66da2e37-f39b-4203-9083-c0726050633c",
    "data": [
      {
        "text": "marvelous",
        "userDefined": false
      }
    ],
    "isTemplate": false,
    "count": 1,
    "updated": 1529427967
  },
  {
    "id": "390cb1be-9bf2-432f-a592-f9611e71b0ea",
    "data": [
      {
        "text": "very ",
        "userDefined": false
      },
      {
        "text": "nice",
        "meta": "@sys.ignore",
        "userDefined": true
      }
    ],
    "isTemplate": false,
    "count": 1,
    "updated": 1529427967
  },
  {
    "id": "ece83b6d-ee23-4669-a5c2-9369518cac90",
    "data": [
      {
        "text": "oh ",
        "userDefined": false
      },
      {
        "text": "well",
        "meta": "@sys.ignore",
        "userDefined": true
      }
    ],
    "isTemplate": false,
    "count": 1,
    "updated": 1529427967
  },
  {
    "id": "fc972c71-6993-46fc-94d8-7b2c1b1e1f22",
    "data": [
      {
        "text": "that\u0027s sweet ",
        "userDefined": false
      },
      {
        "text": "of",
        "meta": "@sys.ignore",
        "userDefined": true
      },
      {
        "text": " you",
        "userDefined": false
      }
    ],
    "isTemplate": false,
    "count": 1,
    "updated": 1529427967
  },
  {
    "id": "7a7ae685-bafa-4ff1-8cd4-5e6a62916f47",
    "data": [
      {
        "text": "that\u0027s ",
        "userDefined": false
      },
      {
        "text": "great",
        "meta": "@sys.ignore",
        "userDefined": true
      }
    ],
    "isTemplate": false,
    "count": 4,
    "updated": 1529427967
  },
  {
    "id": "9ccb9e36-d32d-4bfb-849e-107fc554d9f7",
    "data": [
      {
        "text": "excellent",
        "userDefined": false
      }
    ],
    "isTemplate": false,
    "count": 1,
    "updated": 1529427967
  },
  {
    "id": "033cced4-1801-4ba6-b1e0-14588f64a54d",
    "data": [
      {
        "text": "really ",
        "userDefined": false
      },
      {
        "text": "nice",
        "meta": "@sys.ignore",
        "userDefined": true
      }
    ],
    "isTemplate": false,
    "count": 1,
    "updated": 1529427967
  },
  {
    "id": "f2a11ed5-3b99-4be6-92d8-5c201e2c1984",
    "data": [
      {
        "text": "very then",
        "userDefined": false
      }
    ],
    "isTemplate": false,
    "count": 1,
    "updated": 1529427967
  },
  {
    "id": "051d6513-88dc-49e6-a90e-63853d7985b2",
    "data": [
      {
        "text": "that\u0027s ",
        "userDefined": false
      },
      {
        "text": "nice",
        "meta": "@sys.ignore",
        "userDefined": true
      }
    ],
    "isTemplate": false,
    "count": 2,
    "updated": 1529427967
  },
  {
    "id": "df5dc102-a429-48ef-a736-ae0d2a31c820",
    "data": [
      {
        "text": "it\u0027s fine",
        "userDefined": false
      }
    ],
    "isTemplate": false,
    "count": 1,
    "updated": 1529427967
  },
  {
    "id": "eba40ed8-b9a1-4705-a43e-968f7e8e131a",
    "data": [
      {
        "text": "nice",
        "meta": "@sys.ignore",
        "userDefined": true
      }
    ],
    "isTemplate": false,
    "count": 1,
    "updated": 1529427967
  },
  {
    "id": "ae341711-787c-4400-a9ba-a462262da03f",
    "data": [
      {
        "text": "really ",
        "userDefined": false
      },
      {
        "text": "good",
        "meta": "@sys.ignore",
        "userDefined": true
      }
    ],
    "isTemplate": false,
    "count": 2,
    "updated": 1529427967
  },
  {
    "id": "66ab4369-cc80-4532-8c77-0dd8460be9fe",
    "data": [
      {
        "text": "it\u0027s",
        "meta": "@sys.ignore",
        "userDefined": true
      },
      {
        "text": " ",
        "userDefined": false
      },
      {
        "text": "great",
        "meta": "@sys.ignore",
        "userDefined": true
      }
    ],
    "isTemplate": false,
    "count": 1,
    "updated": 1529427967
  },
  {
    "id": "b45b4b92-95bf-413d-af16-3426c747e993",
    "data": [
      {
        "text": "that\u0027s better",
        "userDefined": false
      }
    ],
    "isTemplate": false,
    "count": 1,
    "updated": 1529427967
  },
  {
    "id": "30d03af1-23c6-42d1-a639-a254cad73842",
    "data": [
      {
        "text": "so ",
        "userDefined": false
      },
      {
        "text": "cool",
        "meta": "@sys.ignore",
        "userDefined": false
      }
    ],
    "isTemplate": false,
    "count": 1,
    "updated": 1529427967
  },
  {
    "id": "d6e96439-4959-4689-8718-0f56e0816c47",
    "data": [
      {
        "text": "that was amazing",
        "userDefined": false
      }
    ],
    "isTemplate": false,
    "count": 1,
    "updated": 1529427967
  },
  {
    "id": "8a06732a-b1ff-4870-bca2-f6a732a454b7",
    "data": [
      {
        "text": "very nice",
        "userDefined": false
      }
    ],
    "isTemplate": false,
    "count": 1,
    "updated": 1529427967
  },
  {
    "id": "f762e376-0d49-4ae2-a1c0-f8cbdef18f1e",
    "data": [
      {
        "text": "it",
        "meta": "@sys.ignore",
        "userDefined": true
      },
      {
        "text": " is ",
        "userDefined": false
      },
      {
        "text": "fine",
        "meta": "@sys.ignore",
        "userDefined": true
      }
    ],
    "isTemplate": false,
    "count": 1,
    "updated": 1529427967
  },
  {
    "id": "d6a7e5af-86f0-4952-b0c6-1055752d5980",
    "data": [
      {
        "text": "this is ",
        "userDefined": false
      },
      {
        "text": "good",
        "meta": "@sys.ignore",
        "userDefined": true
      }
    ],
    "isTemplate": false,
    "count": 1,
    "updated": 1529427967
  },
  {
    "id": "b718a17c-3767-402a-9ba7-6724c40ddae2",
    "data": [
      {
        "text": "that is ",
        "userDefined": false
      },
      {
        "text": "good",
        "meta": "@sys.ignore",
        "userDefined": true
      }
    ],
    "isTemplate": false,
    "count": 1,
    "updated": 1529427967
  },
  {
    "id": "dc0c5aed-3c6b-454c-bf92-fb13267c95f7",
    "data": [
      {
        "text": "that\u0027s not ",
        "userDefined": false
      },
      {
        "text": "bad",
        "meta": "@sys.ignore",
        "userDefined": true
      }
    ],
    "isTemplate": false,
    "count": 1,
    "updated": 1529427967
  },
  {
    "id": "f865f3a7-c251-49ca-b002-5d54876019bb",
    "data": [
      {
        "text": "glad to hear that",
        "userDefined": false
      }
    ],
    "isTemplate": false,
    "count": 1,
    "updated": 1529427967
  },
  {
    "id": "81481af1-601d-4932-b1d5-b1810498f349",
    "data": [
      {
        "text": "it",
        "meta": "@sys.ignore",
        "userDefined": true
      },
      {
        "text": " is ",
        "userDefined": false
      },
      {
        "text": "good",
        "meta": "@sys.ignore",
        "userDefined": true
      }
    ],
    "isTemplate": false,
    "count": 1,
    "updated": 1529427967
  },
  {
    "id": "b3de828f-7d8f-4d57-83de-f03c7adfe2cc",
    "data": [
      {
        "text": "much better",
        "userDefined": false
      }
    ],
    "isTemplate": false,
    "count": 1,
    "updated": 1529427967
  },
  {
    "id": "549dc409-550a-42fe-bd2b-154e0eb69515",
    "data": [
      {
        "text": "splendid",
        "userDefined": false
      }
    ],
    "isTemplate": false,
    "count": 1,
    "updated": 1529427967
  },
  {
    "id": "3e621d93-17e0-43e5-99d0-44e9091237f2",
    "data": [
      {
        "text": "that\u0027s very ",
        "userDefined": false
      },
      {
        "text": "nice",
        "meta": "@sys.ignore",
        "userDefined": true
      },
      {
        "text": " ",
        "userDefined": false
      },
      {
        "text": "of",
        "meta": "@sys.ignore",
        "userDefined": true
      },
      {
        "text": " you",
        "userDefined": false
      }
    ],
    "isTemplate": false,
    "count": 1,
    "updated": 1529427967
  },
  {
    "id": "7a56536c-580d-46bb-9529-94277358a9a5",
    "data": [
      {
        "text": "that is ",
        "userDefined": false
      },
      {
        "text": "nice",
        "meta": "@sys.ignore",
        "userDefined": true
      }
    ],
    "isTemplate": false,
    "count": 1,
    "updated": 1529427967
  },
  {
    "id": "94b21966-66a6-4ae0-8878-75c5baa12bfe",
    "data": [
      {
        "text": "this is awesome",
        "userDefined": false
      }
    ],
    "isTemplate": false,
    "count": 1,
    "updated": 1529427967
  },
  {
    "id": "bbd8e87c-59f0-440d-8bf4-82030845f355",
    "data": [
      {
        "text": "good",
        "meta": "@sys.ignore",
        "userDefined": true
      },
      {
        "text": " very ",
        "userDefined": false
      },
      {
        "text": "good",
        "meta": "@sys.ignore",
        "userDefined": true
      }
    ],
    "isTemplate": false,
    "count": 1,
    "updated": 1529427967
  },
  {
    "id": "5c182890-fc77-4a3a-a916-8f152b7a12d6",
    "data": [
      {
        "text": "that\u0027s really ",
        "userDefined": false
      },
      {
        "text": "nice",
        "meta": "@sys.ignore",
        "userDefined": true
      }
    ],
    "isTemplate": false,
    "count": 1,
    "updated": 1529427967
  },
  {
    "id": "6dae2cad-84b1-49cd-aafb-6cfa47991641",
    "data": [
      {
        "text": "that\u0027s very ",
        "userDefined": false
      },
      {
        "text": "nice",
        "meta": "@sys.ignore",
        "userDefined": true
      }
    ],
    "isTemplate": false,
    "count": 2,
    "updated": 1529427967
  },
  {
    "id": "86523920-49f5-4836-bfe3-209ecbca7c41",
    "data": [
      {
        "text": "pretty ",
        "userDefined": false
      },
      {
        "text": "good",
        "meta": "@sys.ignore",
        "userDefined": true
      }
    ],
    "isTemplate": false,
    "count": 1,
    "updated": 1529427967
  },
  {
    "id": "9c228218-780d-48c2-bdd0-43e5ec55c7f4",
    "data": [
      {
        "text": "that\u0027s fantastic",
        "userDefined": false
      }
    ],
    "isTemplate": false,
    "count": 1,
    "updated": 1529427967
  },
  {
    "id": "33a14578-b137-4f1c-87b6-bf19ad3cc3ba",
    "data": [
      {
        "text": "glad to hear ",
        "userDefined": false
      },
      {
        "text": "it",
        "meta": "@sys.ignore",
        "userDefined": true
      }
    ],
    "isTemplate": false,
    "count": 1,
    "updated": 1529427967
  },
  {
    "id": "dfc0235c-23f4-4b98-8670-ae5b14f1928f",
    "data": [
      {
        "text": "good",
        "meta": "@sys.ignore",
        "userDefined": true
      },
      {
        "text": " for you",
        "userDefined": false
      }
    ],
    "isTemplate": false,
    "count": 1,
    "updated": 1529427967
  },
  {
    "id": "0b26a79d-adc2-40ac-b650-a4968a7856ea",
    "data": [
      {
        "text": "that is awesome",
        "userDefined": false
      }
    ],
    "isTemplate": false,
    "count": 2,
    "updated": 1529427967
  },
  {
    "id": "f7e29614-99d4-49a8-9dfd-3e0c7420148d",
    "data": [
      {
        "text": "it",
        "meta": "@sys.ignore",
        "userDefined": true
      },
      {
        "text": "\u0027s great",
        "userDefined": false
      }
    ],
    "isTemplate": false,
    "count": 4,
    "updated": 1529427967
  },
  {
    "id": "4a9bbe88-77a8-4c08-9852-001d10ac0b89",
    "data": [
      {
        "text": "pleasant",
        "userDefined": false
      }
    ],
    "isTemplate": false,
    "count": 1,
    "updated": 1529427967
  },
  {
    "id": "f880cfbd-ad56-4cbc-a669-3893858c13d9",
    "data": [
      {
        "text": "so ",
        "userDefined": false
      },
      {
        "text": "good",
        "meta": "@sys.ignore",
        "userDefined": true
      }
    ],
    "isTemplate": false,
    "count": 1,
    "updated": 1529427967
  },
  {
    "id": "9e588d96-20a4-4c50-8df8-edd33cbffa2b",
    "data": [
      {
        "text": "that was good",
        "userDefined": false
      }
    ],
    "isTemplate": false,
    "count": 1,
    "updated": 1529427967
  },
  {
    "id": "01e0c442-07fb-41ff-845b-8ce43f1717d0",
    "data": [
      {
        "text": "super fantastic",
        "userDefined": false
      }
    ],
    "isTemplate": false,
    "count": 1,
    "updated": 1529427967
  },
  {
    "id": "548eec76-4bf2-4614-bb3f-ab83b48d8e86",
    "data": [
      {
        "text": "no ",
        "userDefined": false
      },
      {
        "text": "it",
        "meta": "@sys.ignore",
        "userDefined": true
      },
      {
        "text": "\u0027s ",
        "userDefined": false
      },
      {
        "text": "okay",
        "meta": "@sys.ignore",
        "userDefined": true
      }
    ],
    "isTemplate": false,
    "count": 1,
    "updated": 1529427967
  },
  {
    "id": "2157eaee-4728-417c-8918-2674c9d10bf2",
    "data": [
      {
        "text": "it\u0027s amazing",
        "userDefined": false
      }
    ],
    "isTemplate": false,
    "count": 1,
    "updated": 1529427967
  },
  {
    "id": "82fd428a-f9cd-4cd8-bf4a-7e7da6982ab9",
    "data": [
      {
        "text": "that\u0027s a ",
        "userDefined": false
      },
      {
        "text": "good",
        "meta": "@sys.ignore",
        "userDefined": true
      },
      {
        "text": " idea",
        "userDefined": false
      }
    ],
    "isTemplate": false,
    "count": 1,
    "updated": 1529427967
  },
  {
    "id": "1bf4e8e6-3901-4d5e-8742-11cf08ae091d",
    "data": [
      {
        "text": "it\u0027s",
        "meta": "@sys.ignore",
        "userDefined": true
      },
      {
        "text": " perfect",
        "userDefined": false
      }
    ],
    "isTemplate": false,
    "count": 2,
    "updated": 1529427967
  },
  {
    "id": "904b5745-b49f-48da-87b6-e8003e5bc78d",
    "data": [
      {
        "text": "not ",
        "userDefined": false
      },
      {
        "text": "bad",
        "meta": "@sys.ignore",
        "userDefined": true
      }
    ],
    "isTemplate": false,
    "count": 1,
    "updated": 1529427967
  },
  {
    "id": "2ce3f622-1307-4e26-a1a7-b1c96a6eac55",
    "data": [
      {
        "text": "very ",
        "userDefined": false
      },
      {
        "text": "good",
        "meta": "@sys.ignore",
        "userDefined": true
      }
    ],
    "isTemplate": false,
    "count": 1,
    "updated": 1529427967
  },
  {
    "id": "5a2f648b-e3da-49d7-a9c6-2c3fe1e54975",
    "data": [
      {
        "text": "amazing",
        "userDefined": false
      }
    ],
    "isTemplate": false,
    "count": 1,
    "updated": 1529427967
  },
  {
    "id": "8eb87cec-80e9-4089-b13e-2e7b2c98f4d0",
    "data": [
      {
        "text": "it\u0027s awesome",
        "userDefined": false
      }
    ],
    "isTemplate": false,
    "count": 1,
    "updated": 1529427967
  },
  {
    "id": "b0d16a54-d417-4cce-9148-8467c76f5574",
    "data": [
      {
        "text": "it\u0027s",
        "meta": "@sys.ignore",
        "userDefined": true
      },
      {
        "text": " very good",
        "userDefined": false
      }
    ],
    "isTemplate": false,
    "count": 1,
    "updated": 1529427967
  },
  {
    "id": "f7794bab-ae16-42b0-9deb-2606eeb3fdfa",
    "data": [
      {
        "text": "super",
        "userDefined": false
      }
    ],
    "isTemplate": false,
    "count": 1,
    "updated": 1529427967
  },
  {
    "id": "8c9965ef-f5bb-4279-8318-4ff2847d3176",
    "data": [
      {
        "text": "that was cute",
        "userDefined": false
      }
    ],
    "isTemplate": false,
    "count": 1,
    "updated": 1529427967
  },
  {
    "id": "a9ab9790-f4d6-45d0-a823-dad524f476a9",
    "data": [
      {
        "text": "that was very ",
        "userDefined": false
      },
      {
        "text": "good",
        "meta": "@sys.ignore",
        "userDefined": true
      }
    ],
    "isTemplate": false,
    "count": 1,
    "updated": 1529427967
  },
  {
    "id": "43f5ca89-b8de-414a-8200-5326cabd82c9",
    "data": [
      {
        "text": "that\u0027s fine",
        "userDefined": false
      }
    ],
    "isTemplate": false,
    "count": 1,
    "updated": 1529427967
  },
  {
    "id": "ac47891b-948d-420c-8dd5-13e22ac191c2",
    "data": [
      {
        "text": "perfect",
        "userDefined": false
      }
    ],
    "isTemplate": false,
    "count": 2,
    "updated": 1529427967
  },
  {
    "id": "38b2e894-921e-4ccf-a0ae-fd26c3a01d18",
    "data": [
      {
        "text": "good",
        "meta": "@sys.ignore",
        "userDefined": true
      },
      {
        "text": " thing",
        "userDefined": false
      }
    ],
    "isTemplate": false,
    "count": 1,
    "updated": 1529427967
  },
  {
    "id": "46ab793b-cfcd-450f-936a-79fc847647c8",
    "data": [
      {
        "text": "that\u0027s really ",
        "userDefined": false
      },
      {
        "text": "good",
        "meta": "@sys.ignore",
        "userDefined": true
      }
    ],
    "isTemplate": false,
    "count": 1,
    "updated": 1529427967
  }
]