[
  {
    "id": "34642dbe-b09e-47f6-baf4-14acffe4d952",
    "data": [
      {
        "text": "I\u0027m exhausted",
        "userDefined": false
      }
    ],
    "isTemplate": false,
    "count": 0,
    "updated": 1529441576
  },
  {
    "id": "3266848c-1f90-445a-ad4a-0380aaafa264",
    "data": [
      {
        "text": "I\u0027m worn out",
        "userDefined": false
      }
    ],
    "isTemplate": false,
    "count": 0,
    "updated": 1529441576
  },
  {
    "id": "86dcf434-1211-449b-9824-4ce332d94495",
    "data": [
      {
        "text": "I ",
        "userDefined": false
      },
      {
        "text": "feel",
        "meta": "@sys.ignore",
        "userDefined": false
      },
      {
        "text": " tired",
        "userDefined": false
      }
    ],
    "isTemplate": false,
    "count": 0,
    "updated": 1529441576
  },
  {
    "id": "99b8ba13-ce5e-4993-bbc1-c4f886f945cc",
    "data": [
      {
        "text": "I\u0027m getting tired",
        "userDefined": false
      }
    ],
    "isTemplate": false,
    "count": 0,
    "updated": 1529441576
  },
  {
    "id": "7a472419-3854-4579-91ac-79977524f544",
    "data": [
      {
        "text": "I grow weary",
        "userDefined": false
      }
    ],
    "isTemplate": false,
    "count": 0,
    "updated": 1529441576
  },
  {
    "id": "d76812ab-4ea0-44f8-be81-d0473b592a0d",
    "data": [
      {
        "text": "I am tired",
        "userDefined": false
      }
    ],
    "isTemplate": false,
    "count": 0,
    "updated": 1529441576
  },
  {
    "id": "61a37671-5b09-4a88-abce-15c4aea4562c",
    "data": [
      {
        "text": "I\u0027ve overworked",
        "userDefined": false
      }
    ],
    "isTemplate": false,
    "count": 0,
    "updated": 1529441576
  },
  {
    "id": "51837d47-0bfc-40b1-b427-640055feb8c1",
    "data": [
      {
        "text": "I\u0027m drained",
        "userDefined": false
      }
    ],
    "isTemplate": false,
    "count": 0,
    "updated": 1529441576
  }
]