[
  {
    "id": "7facb4ce-a09b-4461-9533-8a1bb07e3676",
    "data": [
      {
        "text": "I can\u0027t get no sleep",
        "userDefined": false
      }
    ],
    "isTemplate": false,
    "count": 0,
    "updated": 0
  },
  {
    "id": "e095de53-b337-44f2-8bda-48f1f88fa821",
    "data": [
      {
        "text": "I\u0027m insomniac",
        "userDefined": false
      }
    ],
    "isTemplate": false,
    "count": 0,
    "updated": 0
  },
  {
    "id": "fe093499-72c8-4842-a3f2-d4a6eb83f887",
    "data": [
      {
        "text": "I can\u0027t get to sleep",
        "userDefined": false
      }
    ],
    "isTemplate": false,
    "count": 0,
    "updated": 0
  },
  {
    "id": "dde3cd42-9da4-4432-b84d-f20b64661b7d",
    "data": [
      {
        "text": "I can\u0027t ",
        "userDefined": false
      },
      {
        "text": "sleep",
        "meta": "@sys.ignore",
        "userDefined": false
      }
    ],
    "isTemplate": false,
    "count": 0,
    "updated": 0
  },
  {
    "id": "2f5fc736-9c1c-45b0-92d1-3ebf0e841207",
    "data": [
      {
        "text": "I can\u0027t get any sleep",
        "userDefined": false
      }
    ],
    "isTemplate": false,
    "count": 0,
    "updated": 0
  },
  {
    "id": "7d9b9b3a-bbe5-4afa-9fad-11c35093ac68",
    "data": [
      {
        "text": "I can\u0027t ",
        "userDefined": false
      },
      {
        "text": "fall",
        "meta": "@sys.ignore",
        "userDefined": false
      },
      {
        "text": " asleep",
        "userDefined": false
      }
    ],
    "isTemplate": false,
    "count": 0,
    "updated": 0
  },
  {
    "id": "0111ee1b-cdf9-4bb9-a083-7d128251b7af",
    "data": [
      {
        "text": "I\u0027",
        "userDefined": false
      },
      {
        "text": "m",
        "meta": "@sys.ignore",
        "userDefined": false
      },
      {
        "text": " sleepless",
        "userDefined": false
      }
    ],
    "isTemplate": false,
    "count": 0,
    "updated": 0
  },
  {
    "id": "0834583f-6ae8-432e-8fcd-a5296ef1720a",
    "data": [
      {
        "text": "I\u0027",
        "userDefined": false
      },
      {
        "text": "m",
        "meta": "@sys.ignore",
        "userDefined": false
      },
      {
        "text": " insomnious",
        "userDefined": false
      }
    ],
    "isTemplate": false,
    "count": 0,
    "updated": 0
  }
]