[
  {
    "id": "75228303-9ddd-4414-958b-b7226099ad90",
    "data": [
      {
        "text": "bored",
        "userDefined": false
      }
    ],
    "isTemplate": false,
    "count": 0,
    "updated": 1529517314
  },
  {
    "id": "6f2107ef-3db9-4ae9-bdff-962c3623df2f",
    "data": [
      {
        "text": "boring",
        "meta": "@sys.ignore",
        "userDefined": false
      }
    ],
    "isTemplate": false,
    "count": 0,
    "updated": 1529517314
  },
  {
    "id": "3bff6caf-7f2b-4d56-bdc4-262edcc0099c",
    "data": [
      {
        "text": "it bores me",
        "userDefined": false
      }
    ],
    "isTemplate": false,
    "count": 0,
    "updated": 1529517314
  },
  {
    "id": "c323b0e6-0aa8-4145-97a8-92d95a948e5c",
    "data": [
      {
        "text": "that was ",
        "userDefined": false
      },
      {
        "text": "boring",
        "meta": "@sys.ignore",
        "userDefined": false
      }
    ],
    "isTemplate": false,
    "count": 0,
    "updated": 1529517314
  },
  {
    "id": "b3e669c8-d652-42f2-83b6-a84c9bc14faf",
    "data": [
      {
        "text": "this is ",
        "userDefined": false
      },
      {
        "text": "boring",
        "meta": "@sys.ignore",
        "userDefined": false
      }
    ],
    "isTemplate": false,
    "count": 0,
    "updated": 1529517314
  },
  {
    "id": "d371430a-4759-48f3-82e7-1449545835d6",
    "data": [
      {
        "text": "I\u0027m bored",
        "userDefined": false
      }
    ],
    "isTemplate": false,
    "count": 0,
    "updated": 1529517314
  },
  {
    "id": "d01b7380-ac73-4deb-8b6c-a5c3ebb9cbc9",
    "data": [
      {
        "text": "very ",
        "userDefined": false
      },
      {
        "text": "boring",
        "meta": "@sys.ignore",
        "userDefined": false
      }
    ],
    "isTemplate": false,
    "count": 0,
    "updated": 1529517314
  },
  {
    "id": "60f321cf-eba6-4003-be21-d5f69a0b9ef5",
    "data": [
      {
        "text": "I am getting bored",
        "userDefined": false
      }
    ],
    "isTemplate": false,
    "count": 0,
    "updated": 1529517314
  }
]