[
  {
    "id": "58bbcf0b-a87b-464e-ac20-9880f4980f36",
    "data": [
      {
        "text": "I\u0027m just playing with you",
        "userDefined": false
      }
    ],
    "isTemplate": false,
    "count": 0,
    "updated": 1529441326
  },
  {
    "id": "e20dcbec-7f00-4044-abb1-13150efbd5ea",
    "data": [
      {
        "text": "I\u0027m kidding",
        "userDefined": false
      }
    ],
    "isTemplate": false,
    "count": 0,
    "updated": 1529441326
  },
  {
    "id": "64313226-9fb1-4034-b0c1-8a0b65035090",
    "data": [
      {
        "text": "joking",
        "userDefined": false
      }
    ],
    "isTemplate": false,
    "count": 0,
    "updated": 1529441326
  },
  {
    "id": "b2f27177-cd0f-4bed-86c9-b91a256dbb32",
    "data": [
      {
        "text": "it\u0027s a joke",
        "userDefined": false
      }
    ],
    "isTemplate": false,
    "count": 0,
    "updated": 1529441326
  },
  {
    "id": "3a137c9b-ebdb-4123-a057-86a21a584f20",
    "data": [
      {
        "text": "it was a joke",
        "userDefined": false
      }
    ],
    "isTemplate": false,
    "count": 0,
    "updated": 1529441326
  },
  {
    "id": "fef8a418-2ced-49ed-ad61-97fe10fc26ea",
    "data": [
      {
        "text": "I\u0027m just being funny",
        "userDefined": false
      }
    ],
    "isTemplate": false,
    "count": 0,
    "updated": 1529441326
  },
  {
    "id": "aa0e63dd-c54e-40bf-85d9-3afa40aae3a0",
    "data": [
      {
        "text": "kidding",
        "userDefined": false
      }
    ],
    "isTemplate": false,
    "count": 0,
    "updated": 1529441326
  },
  {
    "id": "57751a82-7aff-4547-a6e4-fa3e03ad8ed9",
    "data": [
      {
        "text": "I am joking",
        "userDefined": false
      }
    ],
    "isTemplate": false,
    "count": 0,
    "updated": 1529441326
  },
  {
    "id": "014723ba-6e66-4d6f-98de-626bc8275f80",
    "data": [
      {
        "text": "just kidding",
        "userDefined": false
      }
    ],
    "isTemplate": false,
    "count": 0,
    "updated": 1529441326
  },
  {
    "id": "96035359-5545-4600-afbc-29f64e1bf8c4",
    "data": [
      {
        "text": "I was just joking",
        "userDefined": false
      }
    ],
    "isTemplate": false,
    "count": 0,
    "updated": 1529441326
  }
]